Timestamp,Vitesse,Distance,Vitessemax,Distancesprint,Alerte
2025-03-22 13:28:11,0.0,0.0,0.2,0.0,-
2025-03-22 13:35:39,0.8,0.0,1.2,0.0,-
2025-03-22 13:35:39,1.4,0.0,1.5,0.0,-
2025-03-22 13:35:39,0.0,0.0,1.5,0.0,-
2025-03-22 13:35:40,0.0,0.0,1.5,0.0,-
2025-03-22 13:35:40,0.0,0.0,1.5,0.0,-
2025-03-22 13:35:40,0.0,0.0,1.5,0.0,-
2025-03-22 13:35:40,0.0,0.0,1.5,0.0,-
2025-03-22 13:35:41,0.0,0.0,1.5,0.0,-
2025-03-22 13:35:41,0.0,0.0,1.5,0.0,-
2025-03-22 13:35:41,0.0,0.0,1.5,0.0,-
2025-03-22 13:35:41,0.0,0.0,1.5,0.0,-
2025-03-22 13:35:42,0.0,0.0,1.5,0.0,-
2025-03-22 13:35:42,0.0,0.0,1.5,0.0,-
2025-03-22 13:35:42,0.0,0.0,1.5,0.0,-
2025-03-22 13:35:42,0.0,0.0,1.5,0.0,-
2025-03-22 13:35:42,0.0,0.0,1.5,0.0,-
2025-03-22 13:35:43,0.0,0.0,1.5,0.0,-
2025-03-22 13:35:43,0.0,0.0,1.5,0.0,-
2025-03-22 13:35:43,0.0,0.0,1.5,0.0,-
2025-03-22 13:35:43,0.0,0.0,1.5,0.0,-
2025-03-22 13:35:44,0.0,0.0,1.5,0.0,-
2025-03-22 13:35:44,0.0,0.0,1.5,0.0,-
2025-03-22 13:35:44,0.0,0.0,1.5,0.0,-
2025-03-22 13:35:44,0.0,0.0,1.5,0.0,-
2025-03-22 13:35:45,0.0,0.0,1.5,0.0,-
2025-03-22 13:35:45,0.0,0.0,1.5,0.0,-
2025-03-22 13:35:45,0.0,0.0,1.5,0.0,-
2025-03-22 13:35:45,0.0,0.0,1.5,0.0,-
2025-03-22 13:35:46,0.0,0.0,1.5,0.0,-
2025-03-22 13:35:46,0.0,0.0,1.5,0.0,-
2025-03-22 13:35:46,0.0,0.0,1.5,0.0,-
2025-03-22 13:35:47,0.0,0.0,1.5,0.0,-
2025-03-22 13:35:48,0.0,0.0,1.5,0.0,-
2025-03-22 13:35:48,0.0,0.0,1.5,0.0,-
2025-03-22 13:35:48,0.0,0.0,1.5,0.0,-
2025-03-22 13:35:48,0.0,0.0,1.5,0.0,-
2025-03-22 13:35:48,0.0,0.0,1.5,0.0,-
2025-03-22 13:35:49,0.0,0.0,1.5,0.0,-
2025-03-22 13:35:49,0.0,0.0,1.5,0.0,-
2025-03-22 13:35:50,0.0,0.0,1.5,0.0,-
2025-03-22 13:35:50,0.0,0.0,1.5,0.0,-
2025-03-22 13:35:51,0.0,0.0,1.5,0.0,-
2025-03-22 13:35:51,0.0,0.0,1.5,0.0,-
2025-03-22 13:35:51,0.0,0.0,1.5,0.0,-
2025-03-22 13:35:51,0.0,0.0,1.5,0.0,-
2025-03-22 13:35:52,0.0,0.0,1.5,0.0,-
2025-03-22 13:35:52,0.0,0.0,1.5,0.0,-
2025-03-22 13:35:52,0.0,0.0,1.5,0.0,-
2025-03-22 13:35:52,0.0,0.0,1.5,0.0,-
2025-03-22 13:35:53,0.0,0.0,1.5,0.0,-
2025-03-22 13:35:53,0.0,0.0,1.5,0.0,-
2025-03-22 13:35:53,0.0,0.0,1.5,0.0,-
2025-03-22 13:35:53,0.0,0.0,1.5,0.0,-
2025-03-22 13:35:53,0.0,0.0,1.5,0.0,-
2025-03-22 13:35:54,0.0,0.0,1.5,0.0,-
2025-03-22 13:35:54,0.0,0.0,1.5,0.0,-
2025-03-22 13:35:54,0.0,0.0,1.5,0.0,-
2025-03-22 13:35:54,0.0,0.0,1.5,0.0,-
2025-03-22 13:35:55,0.0,0.0,1.5,0.0,-
2025-03-22 13:35:55,0.0,0.0,1.5,0.0,-
2025-03-22 13:35:55,0.0,0.0,1.5,0.0,-
2025-03-22 13:35:56,0.0,0.0,1.5,0.0,-
2025-03-22 13:35:56,0.0,0.0,1.5,0.0,-
2025-03-22 13:35:56,0.0,0.0,1.5,0.0,-
2025-03-22 13:35:56,0.0,0.0,1.5,0.0,-
2025-03-22 13:35:57,0.0,0.0,1.5,0.0,-
2025-03-22 13:35:57,0.0,0.0,1.5,0.0,-
2025-03-22 13:35:57,0.0,0.0,1.5,0.0,-
2025-03-22 13:35:57,0.0,0.0,1.5,0.0,-
2025-03-22 13:35:58,0.0,0.0,1.5,0.0,-
2025-03-22 13:35:58,0.0,0.0,1.5,0.0,-
2025-03-22 13:35:58,0.0,0.0,1.5,0.0,-
2025-03-22 13:35:58,0.0,0.0,1.5,0.0,-
2025-03-22 13:35:59,0.0,0.0,1.5,0.0,-
2025-03-22 13:35:59,0.0,0.0,1.5,0.0,-
2025-03-22 13:35:59,0.0,0.0,1.5,0.0,-
2025-03-22 13:35:59,0.0,0.0,1.5,0.0,-
2025-03-22 13:36:00,0.0,0.0,1.5,0.0,-
2025-03-22 13:36:00,0.0,0.0,1.5,0.0,-
2025-03-22 13:36:00,0.0,0.0,1.5,0.0,-
2025-03-22 13:36:01,0.0,0.0,1.5,0.0,-
2025-03-22 13:36:01,0.0,0.0,1.5,0.0,-
2025-03-22 13:36:01,0.0,0.0,1.5,0.0,-
2025-03-22 13:36:01,0.0,0.0,1.5,0.0,-
2025-03-22 13:36:02,0.0,0.0,1.5,0.0,-
2025-03-22 13:36:02,0.0,0.0,1.5,0.0,-
2025-03-22 13:36:03,0.0,0.0,1.5,0.0,-
2025-03-22 13:36:03,0.0,0.0,1.5,0.0,-
2025-03-22 13:36:03,0.0,0.0,1.5,0.0,-
2025-03-22 13:36:04,0.0,0.0,1.5,0.0,-
2025-03-22 13:36:04,0.0,0.0,1.5,0.0,-
2025-03-22 13:36:04,0.0,0.0,1.5,0.0,-
2025-03-22 13:36:04,0.0,0.0,1.5,0.0,-
2025-03-22 13:36:05,0.0,0.0,1.5,0.0,-
2025-03-22 13:36:05,0.0,0.0,1.5,0.0,-
2025-03-22 13:36:05,0.0,0.0,1.5,0.0,-
2025-03-22 13:36:05,0.0,0.0,1.5,0.0,-
2025-03-22 13:36:06,0.0,0.0,1.5,0.0,-
2025-03-22 13:36:06,0.0,0.0,1.5,0.0,-
2025-03-22 13:36:06,0.0,0.0,1.5,0.0,-
2025-03-22 13:36:06,0.0,0.0,1.5,0.0,-
2025-03-22 13:36:07,0.0,0.0,1.5,0.0,-
2025-03-22 13:36:07,0.0,0.0,1.5,0.0,-
2025-03-22 13:36:07,0.0,0.0,1.5,0.0,-
2025-03-22 13:36:07,0.0,0.0,1.5,0.0,-
2025-03-22 13:36:08,0.0,0.0,1.5,0.0,-
2025-03-22 13:36:08,0.0,0.0,1.5,0.0,-
2025-03-22 13:36:08,0.0,0.0,1.5,0.0,-
2025-03-22 13:36:09,0.0,0.0,1.5,0.0,-
2025-03-22 13:36:09,0.0,0.0,1.5,0.0,-
2025-03-22 13:36:09,0.0,0.0,1.5,0.0,-
2025-03-22 13:36:09,0.0,0.0,1.5,0.0,-
2025-03-22 13:36:10,0.0,0.0,1.5,0.0,-
2025-03-22 13:36:10,0.0,0.0,1.5,0.0,-
2025-03-22 13:36:10,0.0,0.0,1.5,0.0,-
2025-03-22 13:36:10,0.0,0.0,1.5,0.0,-
2025-03-22 13:36:11,0.0,0.0,1.5,0.0,-
2025-03-22 13:36:11,0.0,0.0,1.5,0.0,-
2025-03-22 13:36:11,0.0,0.0,1.5,0.0,-
2025-03-22 13:36:12,0.0,0.0,1.5,0.0,-
2025-03-22 13:36:12,0.0,0.0,1.5,0.0,-
2025-03-22 13:36:12,0.0,0.0,1.5,0.0,-
2025-03-22 13:36:12,0.0,0.0,1.5,0.0,-
2025-03-22 13:36:12,0.0,0.0,1.5,0.0,-
2025-03-22 13:36:13,0.0,0.0,1.5,0.0,-
2025-03-22 13:36:13,0.0,0.0,1.5,0.0,-
2025-03-22 13:36:13,0.0,0.0,1.5,0.0,-
2025-03-22 13:36:13,0.0,0.0,1.5,0.0,-
2025-03-22 13:36:14,0.0,0.0,1.5,0.0,-
2025-03-22 13:36:14,0.0,0.0,1.5,0.0,-
2025-03-22 13:36:14,0.0,0.0,1.5,0.0,-
2025-03-22 13:36:14,0.0,0.0,1.5,0.0,-
2025-03-22 13:36:14,0.0,0.0,1.5,0.0,-
2025-03-22 13:36:15,0.0,0.0,1.5,0.0,-
2025-03-22 13:36:15,0.0,0.0,1.5,0.0,-
2025-03-22 13:36:15,0.0,0.0,1.5,0.0,-
2025-03-22 13:36:16,0.0,0.0,1.5,0.0,-
2025-03-22 13:36:16,0.0,0.0,1.5,0.0,-
2025-03-22 13:36:16,0.0,0.0,1.5,0.0,-
2025-03-22 13:36:17,0.0,0.0,1.5,0.0,-
2025-03-22 13:36:17,0.0,0.0,1.5,0.0,-
2025-03-22 13:36:17,0.0,0.0,1.5,0.0,-
2025-03-22 13:36:17,0.0,0.0,1.5,0.0,-
2025-03-22 13:36:18,0.0,0.0,1.5,0.0,-
2025-03-22 13:36:18,0.0,0.0,1.5,0.0,-
2025-03-22 13:36:18,0.0,0.0,1.5,0.0,-
2025-03-22 13:36:19,0.0,0.0,1.5,0.0,-
2025-03-22 13:36:19,0.0,0.0,1.5,0.0,-
2025-03-22 13:36:19,0.0,0.0,1.5,0.0,-
2025-03-22 13:36:20,0.0,0.0,1.5,0.0,-
2025-03-22 13:36:20,0.0,0.0,1.5,0.0,-
2025-03-22 13:36:20,0.0,0.0,1.5,0.0,-
2025-03-22 13:36:20,0.0,0.0,1.5,0.0,-
2025-03-22 13:36:21,1.6,0.0,2.6,0.0,-
2025-03-22 13:36:21,1.9,0.0,2.6,0.0,-
2025-03-22 13:36:21,3.2,0.0,3.8,0.0,-
2025-03-22 13:36:21,3.7,0.0,3.8,0.0,-
2025-03-22 13:36:21,2.9,0.0,3.8,0.0,-
2025-03-22 13:36:22,1.9,0.0,3.8,0.0,-
2025-03-22 13:36:22,0.8,0.0,3.8,0.0,-
2025-03-22 13:36:22,0.0,0.0,3.8,0.0,-
2025-03-22 13:36:22,0.0,0.0,3.8,0.0,-
2025-03-22 13:36:23,0.0,0.0,3.8,0.0,-
2025-03-22 13:36:23,0.0,0.0,3.8,0.0,-
2025-03-22 13:36:23,0.0,0.0,3.8,0.0,-
2025-03-22 13:36:24,0.0,0.0,3.8,0.0,-
2025-03-22 13:36:24,0.0,0.0,3.8,0.0,-
2025-03-22 13:36:25,0.0,0.0,3.8,0.0,-
2025-03-22 13:36:25,0.0,0.0,3.8,0.0,-
2025-03-22 13:36:25,0.0,0.0,3.8,0.0,-
2025-03-22 13:36:25,0.0,0.0,3.8,0.0,-
2025-03-22 13:36:26,0.0,0.0,3.8,0.0,-
2025-03-22 13:36:26,0.0,0.0,3.8,0.0,-
2025-03-22 13:36:26,0.0,0.0,3.8,0.0,-
2025-03-22 13:36:26,0.0,0.0,3.8,0.0,-
2025-03-22 13:36:26,0.0,0.0,3.8,0.0,-
2025-03-22 13:36:27,0.0,0.0,3.8,0.0,-
2025-03-22 13:36:27,0.0,0.0,3.8,0.0,-
2025-03-22 13:36:27,2.7,0.0,3.8,0.0,-
2025-03-22 13:36:27,0.0,0.0,3.8,0.0,-
2025-03-22 13:36:28,0.0,0.0,3.8,0.0,-
2025-03-22 13:36:28,0.0,0.0,3.8,0.0,-
2025-03-22 13:36:28,0.0,0.0,3.8,0.0,-
2025-03-22 13:36:28,0.0,0.0,3.8,0.0,-
2025-03-22 13:36:29,0.0,0.0,3.8,0.0,-
2025-03-22 13:36:29,0.0,0.0,3.8,0.0,-
2025-03-22 13:36:29,0.0,0.0,3.8,0.0,-
2025-03-22 13:36:30,0.0,0.0,3.8,0.0,-
2025-03-22 13:36:30,0.5,0.0,3.8,0.0,-
2025-03-22 13:36:30,0.4,0.0,3.8,0.0,-
2025-03-22 13:36:30,0.0,0.0,3.8,0.0,-
2025-03-22 13:36:31,0.0,0.0,3.8,0.0,-
2025-03-22 13:36:31,0.0,0.0,3.8,0.0,-
2025-03-22 13:36:31,0.0,0.0,3.8,0.0,-
2025-03-22 13:36:31,0.0,0.0,3.8,0.0,-
2025-03-22 13:36:32,0.0,0.0,3.8,0.0,-
2025-03-22 13:36:32,0.0,0.0,3.8,0.0,-
2025-03-22 13:36:32,0.0,0.0,3.8,0.0,-
2025-03-22 13:36:32,0.0,0.0,3.8,0.0,-
2025-03-22 13:36:32,0.0,0.0,3.8,0.0,-
2025-03-22 13:36:33,0.0,0.0,3.8,0.0,-
2025-03-22 13:36:33,0.0,0.0,3.8,0.0,-
2025-03-22 13:36:33,0.0,0.0,3.8,0.0,-
2025-03-22 13:36:34,0.0,0.0,3.8,0.0,-
2025-03-22 13:36:34,0.0,0.0,3.8,0.0,-
2025-03-22 13:36:34,0.0,0.0,3.8,0.0,-
2025-03-22 13:36:34,0.0,0.0,3.8,0.0,-
2025-03-22 13:36:35,0.0,0.0,3.8,0.0,-
2025-03-22 13:36:35,0.0,0.0,3.8,0.0,-
2025-03-22 13:36:35,0.0,0.0,3.8,0.0,-
2025-03-22 13:36:35,0.0,0.0,3.8,0.0,-
2025-03-22 13:36:36,0.0,0.0,3.8,0.0,-
2025-03-22 13:36:36,0.0,0.0,3.8,0.0,-
2025-03-22 13:36:36,0.0,0.0,3.8,0.0,-
2025-03-22 13:36:36,0.0,0.0,3.8,0.0,-
2025-03-22 13:36:36,0.0,0.0,3.8,0.0,-
2025-03-22 13:36:37,0.0,0.0,3.8,0.0,-
2025-03-22 13:36:37,0.0,0.0,3.8,0.0,-
2025-03-22 13:36:37,0.0,0.0,3.8,0.0,-
2025-03-22 13:36:37,0.0,0.0,3.8,0.0,-
2025-03-22 13:36:37,0.0,0.0,3.8,0.0,-
2025-03-22 13:36:38,0.0,0.0,3.8,0.0,-
2025-03-22 13:36:38,0.0,0.0,3.8,0.0,-
2025-03-22 13:36:38,0.0,0.0,3.8,0.0,-
2025-03-22 13:36:39,0.0,0.0,3.8,0.0,-
2025-03-22 13:36:39,0.0,0.0,3.8,0.0,-
2025-03-22 13:36:39,0.0,0.0,3.8,0.0,-
2025-03-22 13:36:39,0.0,0.0,3.8,0.0,-
2025-03-22 13:36:40,0.0,0.0,3.8,0.0,-
2025-03-22 13:36:40,0.0,0.0,3.8,0.0,-
2025-03-22 13:36:40,0.0,0.0,3.8,0.0,-
2025-03-22 13:36:41,0.0,0.0,3.8,0.0,-
2025-03-22 13:36:41,0.0,0.0,3.8,0.0,-
2025-03-22 13:36:41,0.0,0.0,3.8,0.0,-
2025-03-22 13:36:41,2.6,0.0,3.8,0.0,-
2025-03-22 13:36:41,5.3,0.0,7.9,0.0,-
2025-03-22 13:36:42,11.4,0.0,13.4,0.0,-
2025-03-22 13:36:42,18.8,0.0,19.3,0.0,-
2025-03-22 13:36:42,22.3,0.0,23.5,0.0,-
2025-03-22 13:36:42,24.9,0.0,26.0,1.0,-
2025-03-22 13:36:43,27.0,0.0,28.0,2.0,-
2025-03-22 13:36:43,28.8,0.0,29.8,4.0,-
2025-03-22 13:36:43,30.7,0.0,31.2,6.0,-
2025-03-22 13:36:43,31.7,0.0,32.3,8.0,-
2025-03-22 13:36:43,32.8,0.0,33.3,10.0,-
2025-03-22 13:36:44,33.7,0.0,34.3,12.0,-
2025-03-22 13:36:44,34.9,0.0,35.3,14.0,-
2025-03-22 13:36:44,35.8,0.0,36.0,17.0,-
2025-03-22 13:36:44,36.0,0.0,36.0,19.0,-
2025-03-22 13:36:45,0.0,0.0,36.0,19.0,-
2025-03-22 13:36:45,0.0,0.0,36.0,19.0,-
2025-03-22 13:36:45,0.0,0.0,36.0,19.0,-
2025-03-22 13:36:46,0.0,0.0,36.0,19.0,-
2025-03-22 13:36:46,0.0,0.0,36.0,19.0,-
2025-03-22 13:36:46,0.0,0.0,36.0,19.0,-
2025-03-22 13:36:46,0.0,0.0,36.0,19.0,-
2025-03-22 13:36:47,0.0,0.0,36.0,19.0,-
2025-03-22 13:36:47,0.1,0.0,36.0,19.0,-
2025-03-22 13:36:47,0.0,0.0,36.0,19.0,-
2025-03-22 13:36:47,1.9,0.0,36.0,19.0,-
2025-03-22 13:36:47,0.9,0.0,36.0,19.0,-
2025-03-22 13:36:48,0.0,0.0,36.0,19.0,-
2025-03-22 13:36:48,0.0,0.0,36.0,19.0,-
2025-03-22 13:36:48,0.0,0.0,36.0,19.0,-
2025-03-22 13:36:48,0.4,0.0,36.0,19.0,-
2025-03-22 13:36:49,0.0,0.0,36.0,19.0,-
2025-03-22 13:36:49,0.0,0.0,36.0,19.0,-
2025-03-22 13:36:49,0.0,0.0,36.0,19.0,-
2025-03-22 13:36:49,0.6,0.0,36.0,19.0,-
2025-03-22 13:36:49,0.0,0.0,36.0,19.0,-
2025-03-22 13:36:50,0.0,0.0,36.0,19.0,-
2025-03-22 13:36:50,0.0,0.0,36.0,19.0,-
2025-03-22 13:36:50,0.3,0.0,36.0,19.0,-
2025-03-22 13:36:50,0.0,0.0,36.0,19.0,-
2025-03-22 13:36:51,0.2,0.0,36.0,19.0,-
2025-03-22 13:36:51,0.7,0.0,36.0,19.0,-
2025-03-22 13:36:51,5.4,0.0,36.0,19.0,-
2025-03-22 13:36:52,5.5,0.0,36.0,19.0,-
2025-03-22 13:36:52,0.0,0.0,36.0,19.0,-
2025-03-22 13:36:52,0.0,0.0,36.0,19.0,-
2025-03-22 13:36:52,0.2,0.0,36.0,19.0,-
2025-03-22 13:36:53,0.0,0.0,36.0,19.0,-
2025-03-22 13:36:53,0.0,0.0,36.0,19.0,-
2025-03-22 13:36:53,0.8,0.0,36.0,19.0,-
2025-03-22 13:36:53,0.0,0.0,36.0,19.0,-
2025-03-22 13:36:54,0.2,0.0,36.0,19.0,-
2025-03-22 13:36:54,0.8,0.0,36.0,19.0,-
2025-03-22 13:36:54,1.9,0.0,36.0,19.0,-
2025-03-22 13:36:54,2.7,0.0,36.0,19.0,-
2025-03-22 13:36:55,4.0,0.0,36.0,19.0,-
2025-03-22 13:36:55,5.3,0.0,36.0,19.0,-
2025-03-22 13:36:55,6.1,0.0,36.0,19.0,-
2025-03-22 13:36:55,6.7,0.0,36.0,19.0,-
2025-03-22 13:36:56,7.1,0.0,36.0,19.0,-
2025-03-22 13:36:56,7.6,0.0,36.0,19.0,-
2025-03-22 13:36:56,8.0,0.0,36.0,19.0,-
2025-03-22 13:36:56,8.4,0.0,36.0,19.0,-
2025-03-22 13:36:57,8.7,0.0,36.0,19.0,-
2025-03-22 13:36:57,0.0,0.0,36.0,19.0,-
2025-03-22 13:36:57,0.0,0.0,36.0,19.0,-
2025-03-22 13:36:57,0.0,0.0,36.0,19.0,-
2025-03-22 13:36:57,0.0,0.0,36.0,19.0,-
2025-03-22 13:36:58,0.0,0.0,36.0,19.0,-
2025-03-22 13:36:58,0.0,0.0,36.0,19.0,-
2025-03-22 13:36:58,0.0,0.0,36.0,19.0,-
2025-03-22 13:36:58,0.0,0.0,36.0,19.0,-
2025-03-22 13:36:59,0.0,0.0,36.0,19.0,-
2025-03-22 13:36:59,0.0,0.0,36.0,19.0,-
2025-03-22 13:36:59,0.0,0.0,36.0,19.0,-
2025-03-22 13:36:59,0.0,0.0,36.0,19.0,-
2025-03-22 13:37:00,0.0,0.0,36.0,19.0,-
2025-03-22 13:37:00,0.0,0.0,36.0,19.0,-
2025-03-22 13:37:00,0.0,0.0,36.0,19.0,-
2025-03-22 13:37:01,0.0,0.0,36.0,19.0,-
2025-03-22 13:37:01,0.0,0.0,36.0,19.0,-
2025-03-22 13:37:02,0.0,0.0,36.0,19.0,-
2025-03-22 13:37:02,0.0,0.0,36.0,19.0,-
2025-03-22 13:37:02,0.0,0.0,36.0,19.0,-
2025-03-22 13:37:02,0.0,0.0,36.0,19.0,-
2025-03-22 13:37:03,0.0,0.0,36.0,19.0,-
2025-03-22 13:37:03,0.0,0.0,36.0,19.0,-
2025-03-22 13:37:03,0.0,0.0,36.0,19.0,-
2025-03-22 13:37:03,0.0,0.0,36.0,19.0,-
2025-03-22 13:37:04,0.0,0.0,36.0,19.0,-
2025-03-22 13:37:04,0.0,0.0,36.0,19.0,-
2025-03-22 13:37:04,0.0,0.0,36.0,19.0,-
2025-03-22 13:37:04,0.0,0.0,36.0,19.0,-
2025-03-22 13:37:05,0.0,0.0,36.0,19.0,-
2025-03-22 13:37:05,0.1,0.0,36.0,19.0,-
2025-03-22 13:37:05,0.0,0.0,36.0,19.0,-
2025-03-22 13:37:05,0.0,0.0,36.0,19.0,-
2025-03-22 13:37:05,0.0,0.0,36.0,19.0,-
2025-03-22 13:37:06,0.0,0.0,36.0,19.0,-
2025-03-22 13:37:06,0.0,0.0,36.0,19.0,-
2025-03-22 13:37:06,0.0,0.0,36.0,19.0,-
2025-03-22 13:37:06,0.0,0.0,36.0,19.0,-
2025-03-22 13:37:07,0.0,0.0,36.0,19.0,-
2025-03-22 13:37:07,0.0,0.0,36.0,19.0,-
2025-03-22 13:37:07,0.0,0.0,36.0,19.0,-
2025-03-22 13:37:08,0.0,0.0,36.0,19.0,-
2025-03-22 13:37:08,0.0,0.0,36.0,19.0,-
2025-03-22 13:37:08,0.0,0.0,36.0,19.0,-
2025-03-22 13:37:08,0.0,0.0,36.0,19.0,-
2025-03-22 13:37:09,3.5,0.0,36.0,19.0,-
2025-03-22 13:37:09,0.0,0.0,36.0,19.0,-
2025-03-22 13:37:09,0.0,0.0,36.0,19.0,-
2025-03-22 13:37:10,0.0,0.0,36.0,19.0,-
2025-03-22 13:37:10,0.0,0.0,36.0,19.0,-
2025-03-22 13:37:10,0.0,0.0,36.0,19.0,-
2025-03-22 13:37:11,0.0,0.0,36.0,19.0,-
2025-03-22 13:37:11,0.0,0.0,36.0,19.0,-
2025-03-22 13:37:11,0.0,0.0,36.0,19.0,-
2025-03-22 13:37:11,0.0,0.0,36.0,19.0,-
2025-03-22 13:37:12,0.0,0.0,36.0,19.0,-
2025-03-22 13:37:12,0.0,0.0,36.0,19.0,-
2025-03-22 13:37:12,0.0,0.0,36.0,19.0,-
2025-03-22 13:37:12,0.1,0.0,36.0,19.0,-
2025-03-22 13:37:12,1.2,0.0,36.0,19.0,-
2025-03-22 13:37:13,0.9,0.0,36.0,19.0,-
2025-03-22 13:37:13,0.5,0.0,36.0,19.0,-
2025-03-22 13:37:13,0.1,0.0,36.0,19.0,-
2025-03-22 13:37:13,0.0,0.0,36.0,19.0,-
2025-03-22 13:37:14,0.0,0.0,36.0,19.0,-
2025-03-22 13:37:14,0.0,0.0,36.0,19.0,-
2025-03-22 13:37:14,0.0,0.0,36.0,19.0,-
2025-03-22 13:37:14,0.0,0.0,36.0,19.0,-
2025-03-22 13:37:15,0.0,0.0,36.0,19.0,-
2025-03-22 13:37:15,0.0,0.0,36.0,19.0,-
2025-03-22 13:37:15,0.0,0.0,36.0,19.0,-
2025-03-22 13:37:15,0.0,0.0,36.0,19.0,-
2025-03-22 13:37:19,0.0,0.0,36.0,19.0,-
2025-03-22 13:37:19,0.0,0.0,36.0,19.0,-
2025-03-22 13:37:19,0.0,0.0,36.0,19.0,-
2025-03-22 13:37:19,0.0,0.0,36.0,19.0,-
2025-03-22 13:37:20,0.0,0.0,36.0,19.0,-
2025-03-22 13:37:20,0.0,0.0,36.0,19.0,-
2025-03-22 13:37:20,0.0,0.0,36.0,19.0,-
2025-03-22 13:37:20,0.0,0.0,36.0,19.0,-
2025-03-22 13:37:21,0.0,0.0,36.0,19.0,-
2025-03-22 13:37:21,0.0,0.0,36.0,19.0,-
2025-03-22 13:37:21,0.0,0.0,36.0,19.0,-
2025-03-22 13:37:22,0.0,0.0,36.0,19.0,-
2025-03-22 13:37:22,0.0,0.0,36.0,19.0,-
2025-03-22 13:37:22,0.0,0.0,36.0,19.0,-
2025-03-22 13:37:22,0.0,0.0,36.0,19.0,-
2025-03-22 13:37:22,0.0,0.0,36.0,19.0,-
2025-03-22 13:37:23,0.0,0.0,36.0,19.0,-
2025-03-22 13:37:23,0.0,0.0,36.0,19.0,-
2025-03-22 13:37:23,0.0,0.0,36.0,19.0,-
2025-03-22 13:37:23,0.0,0.0,36.0,19.0,-
2025-03-22 13:37:23,0.0,0.0,36.0,19.0,-
2025-03-22 13:37:24,0.0,0.0,36.0,19.0,-
2025-03-22 13:37:24,0.0,0.0,36.0,19.0,-
2025-03-22 13:37:25,0.0,0.0,36.0,19.0,-
2025-03-22 13:37:25,0.0,0.0,36.0,19.0,-
2025-03-22 13:37:26,0.0,0.0,36.0,19.0,-
2025-03-22 13:37:26,0.0,0.0,36.0,19.0,-
2025-03-22 13:37:27,0.0,0.0,36.0,19.0,-
2025-03-22 13:37:27,0.0,0.0,36.0,19.0,-
2025-03-22 13:37:28,0.0,0.0,36.0,19.0,-
2025-03-22 13:37:28,0.0,0.0,36.0,19.0,-
2025-03-22 13:37:28,0.0,0.0,36.0,19.0,-
2025-03-22 13:37:29,0.0,0.0,36.0,19.0,-
2025-03-22 13:37:29,0.0,0.0,36.0,19.0,-
2025-03-22 13:37:29,0.0,0.0,36.0,19.0,-
2025-03-22 13:37:29,0.0,0.0,36.0,19.0,-
2025-03-22 13:37:30,0.0,0.0,36.0,19.0,-
2025-03-22 13:37:30,0.0,0.0,36.0,19.0,-
2025-03-22 13:37:30,0.0,0.0,36.0,19.0,-
2025-03-22 13:37:30,0.0,0.0,36.0,19.0,-
2025-03-22 13:37:31,0.0,0.0,36.0,19.0,-
2025-03-22 13:37:31,0.0,0.0,36.0,19.0,-
2025-03-22 13:37:31,0.0,0.0,36.0,19.0,-
2025-03-22 13:37:32,0.0,0.0,36.0,19.0,-
2025-03-22 13:37:32,0.0,0.0,36.0,19.0,-
2025-03-22 13:37:32,0.0,0.0,36.0,19.0,-
2025-03-22 13:37:33,0.0,0.0,36.0,19.0,-
2025-03-22 13:37:33,0.0,0.0,36.0,19.0,-
2025-03-22 13:37:33,0.0,0.0,36.0,19.0,-
2025-03-22 13:37:33,0.0,0.0,36.0,19.0,-
2025-03-22 13:37:34,0.0,0.0,36.0,19.0,-
2025-03-22 13:37:34,0.0,0.0,36.0,19.0,-
2025-03-22 13:37:34,0.0,0.0,36.0,19.0,-
2025-03-22 13:37:34,0.0,0.0,36.0,19.0,-
2025-03-22 13:37:35,0.0,0.0,36.0,19.0,-
2025-03-22 13:37:35,0.0,0.0,36.0,19.0,-
2025-03-22 13:37:35,0.0,0.0,36.0,19.0,-
2025-03-22 13:37:35,0.0,0.0,36.0,19.0,-
2025-03-22 13:37:35,0.0,0.0,36.0,19.0,-
2025-03-22 13:37:36,0.0,0.0,36.0,19.0,-
2025-03-22 13:37:36,0.0,0.0,36.0,19.0,-
2025-03-22 13:37:36,0.0,0.0,36.0,19.0,-
2025-03-22 13:37:36,0.0,0.0,36.0,19.0,-
2025-03-22 13:37:39,0.0,0.0,36.0,19.0,-
2025-03-22 13:37:40,0.0,0.0,36.0,19.0,-
2025-03-22 13:37:40,0.0,0.0,36.0,19.0,-
2025-03-22 13:37:40,0.0,0.0,36.0,19.0,-
2025-03-22 13:37:40,0.0,0.0,36.0,19.0,-
2025-03-22 13:37:41,0.0,0.0,36.0,19.0,-
2025-03-22 13:37:41,0.0,0.0,36.0,19.0,-
2025-03-22 13:37:41,0.0,0.0,36.0,19.0,-
2025-03-22 13:37:42,0.0,0.0,36.0,19.0,-
2025-03-22 13:37:42,0.0,0.0,36.0,19.0,-
2025-03-22 13:37:43,0.0,0.0,36.0,19.0,-
2025-03-22 13:37:43,0.0,0.0,36.0,19.0,-
2025-03-22 13:37:44,0.0,0.0,36.0,19.0,-
2025-03-22 13:37:44,0.0,0.0,36.0,19.0,-
2025-03-22 13:37:44,0.0,0.0,36.0,19.0,-
2025-03-22 13:37:44,0.0,0.0,36.0,19.0,-
2025-03-22 13:37:44,0.0,0.0,36.0,19.0,-
2025-03-22 13:37:45,0.0,0.0,36.0,19.0,-
2025-03-22 13:37:45,0.0,0.0,36.0,19.0,-
2025-03-22 13:37:46,0.0,0.0,36.0,19.0,-
2025-03-22 13:37:46,0.0,0.0,36.0,19.0,-
2025-03-22 13:37:46,0.0,0.0,36.0,19.0,-
2025-03-22 13:37:47,0.0,0.0,36.0,19.0,-
2025-03-22 13:37:47,0.0,0.0,36.0,19.0,-
2025-03-22 13:37:47,0.0,0.0,36.0,19.0,-
2025-03-22 13:37:47,0.0,0.0,36.0,19.0,-
2025-03-22 13:37:48,0.0,0.0,36.0,19.0,-
2025-03-22 13:37:48,0.0,0.0,36.0,19.0,-
2025-03-22 13:37:48,0.0,0.0,36.0,19.0,-
2025-03-22 13:37:48,0.0,0.0,36.0,19.0,-
2025-03-22 13:37:49,0.0,0.0,36.0,19.0,-
2025-03-22 13:37:49,0.0,0.0,36.0,19.0,-
2025-03-22 13:37:49,0.0,0.0,36.0,19.0,-
2025-03-22 13:37:49,0.0,0.0,36.0,19.0,-
2025-03-22 13:37:49,0.0,0.0,36.0,19.0,-
2025-03-22 13:37:50,0.0,0.0,36.0,19.0,-
2025-03-22 13:37:50,0.0,0.0,36.0,19.0,-
2025-03-22 13:37:51,0.0,0.0,36.0,19.0,-
2025-03-22 13:37:51,0.0,0.0,36.0,19.0,-
2025-03-22 13:37:51,0.0,0.0,36.0,19.0,-
2025-03-22 13:37:51,0.0,0.0,36.0,19.0,-
2025-03-22 13:37:52,0.0,0.0,36.0,19.0,-
2025-03-22 13:37:52,0.0,0.0,36.0,19.0,-
2025-03-22 13:37:52,0.0,0.0,36.0,19.0,-
2025-03-22 13:37:52,0.0,0.0,36.0,19.0,-
2025-03-22 13:37:53,0.0,0.0,36.0,19.0,-
2025-03-22 13:37:53,0.0,0.0,36.0,19.0,-
2025-03-22 13:37:53,0.7,0.0,36.0,19.0,-
2025-03-22 13:37:53,0.0,0.0,36.0,19.0,-
2025-03-22 13:37:54,0.0,0.0,36.0,19.0,-
2025-03-22 13:37:54,0.0,0.0,36.0,19.0,-
2025-03-22 13:37:54,0.0,0.0,36.0,19.0,-
2025-03-22 13:37:54,0.0,0.0,36.0,19.0,-
2025-03-22 13:37:55,0.0,0.0,36.0,19.0,-
2025-03-22 13:37:55,0.8,0.0,36.0,19.0,-
2025-03-22 13:37:55,2.2,0.0,36.0,19.0,-
2025-03-22 13:37:55,0.0,0.0,36.0,19.0,-
2025-03-22 13:37:56,0.0,0.0,36.0,19.0,-
2025-03-22 13:37:56,0.0,0.0,36.0,19.0,-
2025-03-22 13:37:56,0.0,0.0,36.0,19.0,-
2025-03-22 13:37:57,0.5,0.0,36.0,19.0,-
2025-03-22 13:37:57,1.4,0.0,36.0,19.0,-
2025-03-22 13:37:57,0.0,0.0,36.0,19.0,-
2025-03-22 13:37:57,0.0,0.0,36.0,19.0,-
2025-03-22 13:37:58,0.0,0.0,36.0,19.0,-
2025-03-22 13:37:58,0.0,0.0,36.0,19.0,-
2025-03-22 13:37:58,0.0,0.0,36.0,19.0,-
2025-03-22 13:37:58,0.1,0.0,36.0,19.0,-
2025-03-22 13:37:59,0.0,0.0,36.0,19.0,-
2025-03-22 13:37:59,0.0,0.0,36.0,19.0,-
2025-03-22 13:37:59,0.0,0.0,36.0,19.0,-
2025-03-22 13:38:00,0.0,0.0,36.0,19.0,-
2025-03-22 13:38:00,0.0,0.0,36.0,19.0,-
2025-03-22 13:38:00,0.0,0.0,36.0,19.0,-
2025-03-22 13:38:00,0.0,0.0,36.0,19.0,-
2025-03-22 13:38:01,0.0,0.0,36.0,19.0,-
2025-03-22 13:38:01,0.0,0.0,36.0,19.0,-
2025-03-22 13:38:01,0.0,0.0,36.0,19.0,-
2025-03-22 13:38:02,0.0,0.0,36.0,19.0,-
2025-03-22 13:38:02,0.0,0.0,36.0,19.0,-
2025-03-22 13:38:02,0.0,0.0,36.0,19.0,-
2025-03-22 13:38:02,0.0,0.0,36.0,19.0,-
2025-03-22 13:38:03,0.0,0.0,36.0,19.0,-
2025-03-22 13:38:03,0.0,0.0,36.0,19.0,-
2025-03-22 13:38:03,0.0,0.0,36.0,19.0,-
2025-03-22 13:38:03,0.0,0.0,36.0,19.0,-
2025-03-22 13:38:04,0.0,0.0,36.0,19.0,-
2025-03-22 13:38:04,0.0,0.0,36.0,19.0,-
2025-03-22 13:38:04,0.0,0.0,36.0,19.0,-
2025-03-22 13:38:05,0.0,0.0,36.0,19.0,-
2025-03-22 13:38:05,0.0,0.0,36.0,19.0,-
2025-03-22 13:38:05,0.0,0.0,36.0,19.0,-
2025-03-22 13:38:06,0.0,0.0,36.0,19.0,-
2025-03-22 13:38:06,0.0,0.0,36.0,19.0,-
2025-03-22 13:38:07,0.0,0.0,36.0,19.0,-
2025-03-22 13:38:07,0.0,0.0,36.0,19.0,-
2025-03-22 13:38:07,0.0,0.0,36.0,19.0,-
2025-03-22 13:38:08,0.0,0.0,36.0,19.0,-
2025-03-22 13:38:08,0.0,0.0,36.0,19.0,-
2025-03-22 13:38:08,0.0,0.0,36.0,19.0,-
2025-03-22 13:38:08,0.0,0.0,36.0,19.0,-
2025-03-22 13:38:09,0.0,0.0,36.0,19.0,-
2025-03-22 13:38:09,0.0,0.0,36.0,19.0,-
2025-03-22 13:38:09,0.0,0.0,36.0,19.0,-
2025-03-22 13:38:09,0.0,0.0,36.0,19.0,-
2025-03-22 13:38:10,0.0,0.0,36.0,19.0,-
2025-03-22 13:38:10,0.0,0.0,36.0,19.0,-
2025-03-22 13:38:11,0.0,0.0,36.0,19.0,-
2025-03-22 13:38:11,0.0,0.0,36.0,19.0,-
2025-03-22 13:38:11,0.0,0.0,36.0,19.0,-
2025-03-22 13:38:11,0.0,0.0,36.0,19.0,-
2025-03-22 13:38:12,0.0,0.0,36.0,19.0,-
2025-03-22 13:38:12,0.0,0.0,36.0,19.0,-
2025-03-22 13:38:12,0.0,0.0,36.0,19.0,-
2025-03-22 13:38:12,0.0,0.0,36.0,19.0,-
2025-03-22 13:38:13,0.0,0.0,36.0,19.0,-
2025-03-22 13:38:13,0.0,0.0,36.0,19.0,-
2025-03-22 13:38:13,0.0,0.0,36.0,19.0,-
2025-03-22 13:38:13,0.0,0.0,36.0,19.0,-
2025-03-22 13:38:14,0.0,0.0,36.0,19.0,-
2025-03-22 13:38:14,0.0,0.0,36.0,19.0,-
2025-03-22 13:38:14,0.0,0.0,36.0,19.0,-
2025-03-22 13:38:15,0.0,0.0,36.0,19.0,-
2025-03-22 13:38:15,0.0,0.0,36.0,19.0,-
2025-03-22 13:38:15,0.0,0.0,36.0,19.0,-
2025-03-22 13:38:16,0.0,0.0,36.0,19.0,-
2025-03-22 13:38:16,0.0,0.0,36.0,19.0,-
2025-03-22 13:38:16,0.0,0.0,36.0,19.0,-
2025-03-22 13:38:16,0.0,0.0,36.0,19.0,-
2025-03-22 13:38:17,0.0,0.0,36.0,19.0,-
2025-03-22 13:38:17,0.0,0.0,36.0,19.0,-
2025-03-22 13:38:17,0.0,0.0,36.0,19.0,-
2025-03-22 13:38:17,0.0,0.0,36.0,19.0,-
2025-03-22 13:38:18,0.0,0.0,36.0,19.0,-
2025-03-22 13:38:19,0.0,0.0,36.0,19.0,-
2025-03-22 13:38:19,0.0,0.0,36.0,19.0,-
2025-03-22 13:38:19,0.0,0.0,36.0,19.0,-
2025-03-22 13:38:20,0.0,0.0,36.0,19.0,-
2025-03-22 13:38:20,0.0,0.0,36.0,19.0,-
2025-03-22 13:38:20,0.0,0.0,36.0,19.0,-
2025-03-22 13:38:21,0.0,0.0,36.0,19.0,-
2025-03-22 13:38:21,0.0,0.0,36.0,19.0,-
2025-03-22 13:38:21,0.0,0.0,36.0,19.0,-
2025-03-22 13:38:21,0.0,0.0,36.0,19.0,-
2025-03-22 13:38:22,0.0,0.0,36.0,19.0,-
2025-03-22 13:38:22,0.0,0.0,36.0,19.0,-
2025-03-22 13:38:22,0.0,0.0,36.0,19.0,-
2025-03-22 13:38:22,0.0,0.0,36.0,19.0,-
2025-03-22 13:38:23,0.0,0.0,36.0,19.0,-
2025-03-22 13:38:23,0.0,0.0,36.0,19.0,-
2025-03-22 13:38:23,0.0,0.0,36.0,19.0,-
2025-03-22 13:38:23,0.0,0.0,36.0,19.0,-
2025-03-22 13:38:24,0.0,0.0,36.0,19.0,-
2025-03-22 13:38:24,0.0,0.0,36.0,19.0,-
2025-03-22 13:38:24,0.0,0.0,36.0,19.0,-
2025-03-22 13:38:24,0.0,0.0,36.0,19.0,-
2025-03-22 13:38:25,0.0,0.0,36.0,19.0,-
2025-03-22 13:38:25,0.0,0.0,36.0,19.0,-
2025-03-22 13:38:25,0.0,0.0,36.0,19.0,-
2025-03-22 13:38:26,0.0,0.0,36.0,19.0,-
2025-03-22 13:38:26,0.0,0.0,36.0,19.0,-
2025-03-22 13:38:26,0.0,0.0,36.0,19.0,-
2025-03-22 13:38:26,0.0,0.0,36.0,19.0,-
2025-03-22 13:38:27,0.0,0.0,36.0,19.0,-
2025-03-22 13:38:27,0.0,0.0,36.0,19.0,-
2025-03-22 13:38:27,0.0,0.0,36.0,19.0,-
2025-03-22 13:38:27,0.0,0.0,36.0,19.0,-
2025-03-22 13:38:28,0.0,0.0,36.0,19.0,-
2025-03-22 13:38:28,0.0,0.0,36.0,19.0,-
2025-03-22 13:38:28,0.0,0.0,36.0,19.0,-
2025-03-22 13:38:28,0.0,0.0,36.0,19.0,-
2025-03-22 13:38:29,0.0,0.0,36.0,19.0,-
2025-03-22 13:38:29,0.0,0.0,36.0,19.0,-
2025-03-22 13:38:30,0.0,0.0,36.0,19.0,-
2025-03-22 13:38:30,0.0,0.0,36.0,19.0,-
2025-03-22 13:38:30,0.0,0.0,36.0,19.0,-
2025-03-22 13:38:31,0.0,0.0,36.0,19.0,-
2025-03-22 13:38:31,0.0,0.0,36.0,19.0,-
2025-03-22 13:38:31,0.0,0.0,36.0,19.0,-
2025-03-22 13:38:31,0.0,0.0,36.0,19.0,-
2025-03-22 13:38:32,0.0,0.0,36.0,19.0,-
2025-03-22 13:38:32,0.0,0.0,36.0,19.0,-
2025-03-22 13:38:32,0.0,0.0,36.0,19.0,-
2025-03-22 13:38:32,0.0,0.0,36.0,19.0,-
2025-03-22 13:38:33,0.0,0.0,36.0,19.0,-
2025-03-22 13:38:33,0.0,0.0,36.0,19.0,-
2025-03-22 13:38:33,0.0,0.0,36.0,19.0,-
2025-03-22 13:38:34,0.0,0.0,36.0,19.0,-
2025-03-22 13:38:34,0.0,0.0,36.0,19.0,-
2025-03-22 13:38:34,0.0,0.0,36.0,19.0,-
2025-03-22 13:38:35,0.0,0.0,36.0,19.0,-
2025-03-22 13:38:35,0.0,0.0,36.0,19.0,-
2025-03-22 13:38:36,0.0,0.0,36.0,19.0,-
2025-03-22 13:38:36,0.0,0.0,36.0,19.0,-
2025-03-22 13:38:36,0.0,0.0,36.0,19.0,-
2025-03-22 13:38:37,0.0,0.0,36.0,19.0,-
2025-03-22 13:38:38,0.0,0.0,36.0,19.0,-
2025-03-22 13:38:38,0.0,0.0,36.0,19.0,-
2025-03-22 13:38:38,0.0,0.0,36.0,19.0,-
2025-03-22 13:38:39,0.0,0.0,36.0,19.0,-
2025-03-22 13:38:39,0.0,0.0,36.0,19.0,-
2025-03-22 13:38:39,0.0,0.0,36.0,19.0,-
2025-03-22 13:38:39,0.0,0.0,36.0,19.0,-
2025-03-22 13:38:40,0.0,0.0,36.0,19.0,-
2025-03-22 13:38:40,0.0,0.0,36.0,19.0,-
2025-03-22 13:38:40,0.0,0.0,36.0,19.0,-
2025-03-22 13:38:40,0.0,0.0,36.0,19.0,-
2025-03-22 13:38:41,0.0,0.0,36.0,19.0,-
2025-03-22 13:38:41,0.0,0.0,36.0,19.0,-
2025-03-22 13:38:41,0.0,0.0,36.0,19.0,-
2025-03-22 13:38:41,0.0,0.0,36.0,19.0,-
2025-03-22 13:38:42,0.0,0.0,36.0,19.0,-
2025-03-22 13:38:42,0.0,0.0,36.0,19.0,-
2025-03-22 13:38:42,0.0,0.0,36.0,19.0,-
2025-03-22 13:38:43,0.0,0.0,36.0,19.0,-
2025-03-22 13:38:43,0.0,0.0,36.0,19.0,-
2025-03-22 13:38:43,0.0,0.0,36.0,19.0,-
2025-03-22 13:38:43,0.0,0.0,36.0,19.0,-
2025-03-22 13:38:44,0.0,0.0,36.0,19.0,-
2025-03-22 13:38:44,0.0,0.0,36.0,19.0,-
2025-03-22 13:38:44,0.0,0.0,36.0,19.0,-
2025-03-22 13:38:44,0.0,0.0,36.0,19.0,-
2025-03-22 13:38:45,0.0,0.0,36.0,19.0,-
2025-03-22 13:38:45,0.0,0.0,36.0,19.0,-
2025-03-22 13:38:45,0.0,0.0,36.0,19.0,-
2025-03-22 13:38:45,0.0,0.0,36.0,19.0,-
2025-03-22 13:38:46,0.0,0.0,36.0,19.0,-
2025-03-22 13:38:46,0.0,0.0,36.0,19.0,-
2025-03-22 13:38:46,0.0,0.0,36.0,19.0,-
2025-03-22 13:38:47,0.0,0.0,36.0,19.0,-
2025-03-22 13:38:47,0.0,0.0,36.0,19.0,-
2025-03-22 13:38:47,0.0,0.0,36.0,19.0,-
2025-03-22 13:38:48,0.0,0.0,36.0,19.0,-
2025-03-22 13:38:48,0.0,0.0,36.0,19.0,-
2025-03-22 13:38:48,0.0,0.0,36.0,19.0,-
2025-03-22 13:38:49,0.0,0.0,36.0,19.0,-
2025-03-22 13:38:49,0.0,0.0,36.0,19.0,-
2025-03-22 13:38:49,0.0,0.0,36.0,19.0,-
2025-03-22 13:38:50,0.0,0.0,36.0,19.0,-
2025-03-22 13:38:50,0.0,0.0,36.0,19.0,-
2025-03-22 13:38:50,0.0,0.0,36.0,19.0,-
2025-03-22 13:38:51,0.0,0.0,36.0,19.0,-
2025-03-22 13:38:51,0.0,0.0,36.0,19.0,-
2025-03-22 13:38:51,0.0,0.0,36.0,19.0,-
2025-03-22 13:38:51,0.0,0.0,36.0,19.0,-
2025-03-22 13:38:51,0.0,0.0,36.0,19.0,-
2025-03-22 13:38:52,0.0,0.0,36.0,19.0,-
2025-03-22 13:38:52,0.0,0.0,36.0,19.0,-
2025-03-22 13:38:52,0.0,0.0,36.0,19.0,-
2025-03-22 13:38:53,0.0,0.0,36.0,19.0,-
2025-03-22 13:38:53,0.0,0.0,36.0,19.0,-
2025-03-22 13:38:53,0.0,0.0,36.0,19.0,-
2025-03-22 13:38:53,0.0,0.0,36.0,19.0,-
2025-03-22 13:38:54,0.0,0.0,36.0,19.0,-
2025-03-22 13:38:54,0.0,0.0,36.0,19.0,-
2025-03-22 13:38:54,0.0,0.0,36.0,19.0,-
2025-03-22 13:38:54,0.0,0.0,36.0,19.0,-
2025-03-22 13:38:55,0.0,0.0,36.0,19.0,-
2025-03-22 13:38:55,0.0,0.0,36.0,19.0,-
2025-03-22 13:38:55,0.0,0.0,36.0,19.0,-
2025-03-22 13:38:55,0.0,0.0,36.0,19.0,-
2025-03-22 13:38:56,0.0,0.0,36.0,19.0,-
2025-03-22 13:38:56,0.0,0.0,36.0,19.0,-
2025-03-22 13:38:56,0.0,0.0,36.0,19.0,-
2025-03-22 13:38:56,0.0,0.0,36.0,19.0,-
2025-03-22 13:38:57,0.0,0.0,36.0,19.0,-
2025-03-22 13:38:58,0.0,0.0,36.0,19.0,-
2025-03-22 13:38:58,0.0,0.0,36.0,19.0,-
2025-03-22 13:38:58,0.0,0.0,36.0,19.0,-
2025-03-22 13:38:59,0.0,0.0,36.0,19.0,-
2025-03-22 13:38:59,0.0,0.0,36.0,19.0,-
2025-03-22 13:38:59,0.0,0.0,36.0,19.0,-
2025-03-22 13:38:59,0.0,0.0,36.0,19.0,-
2025-03-22 13:39:00,0.0,0.0,36.0,19.0,-
2025-03-22 13:39:00,0.0,0.0,36.0,19.0,-
2025-03-22 13:39:00,0.0,0.0,36.0,19.0,-
2025-03-22 13:39:01,0.0,0.0,36.0,19.0,-
2025-03-22 13:39:01,0.0,0.0,36.0,19.0,-
2025-03-22 13:39:01,0.0,0.0,36.0,19.0,-
2025-03-22 13:39:01,0.0,0.0,36.0,19.0,-
2025-03-22 13:39:02,0.0,0.0,36.0,19.0,-
2025-03-22 13:39:02,0.0,0.0,36.0,19.0,-
2025-03-22 13:39:02,0.0,0.0,36.0,19.0,-
2025-03-22 13:39:02,0.0,0.0,36.0,19.0,-
2025-03-22 13:39:03,0.0,0.0,36.0,19.0,-
2025-03-22 13:39:03,0.0,0.0,36.0,19.0,-
2025-03-22 13:39:03,0.0,0.0,36.0,19.0,-
2025-03-22 13:39:03,0.0,0.0,36.0,19.0,-
2025-03-22 13:39:04,0.0,0.0,36.0,19.0,-
2025-03-22 13:39:04,0.0,0.0,36.0,19.0,-
2025-03-22 13:39:04,0.0,0.0,36.0,19.0,-
2025-03-22 13:39:05,0.0,0.0,36.0,19.0,-
2025-03-22 13:39:05,0.0,0.0,36.0,19.0,-
2025-03-22 13:39:05,0.0,0.0,36.0,19.0,-
2025-03-22 13:39:05,0.0,0.0,36.0,19.0,-
2025-03-22 13:39:06,0.0,0.0,36.0,19.0,-
2025-03-22 13:39:06,0.0,0.0,36.0,19.0,-
2025-03-22 13:39:06,0.0,0.0,36.0,19.0,-
2025-03-22 13:39:06,0.0,0.0,36.0,19.0,-
2025-03-22 13:39:06,0.0,0.0,36.0,19.0,-
2025-03-22 13:39:07,0.0,0.0,36.0,19.0,-
2025-03-22 13:39:07,0.0,0.0,36.0,19.0,-
2025-03-22 13:39:07,0.0,0.0,36.0,19.0,-
2025-03-22 13:39:07,0.0,0.0,36.0,19.0,-
2025-03-22 13:39:08,0.0,0.0,36.0,19.0,-
2025-03-22 13:39:08,0.0,0.0,36.0,19.0,-
2025-03-22 13:39:08,0.0,0.0,36.0,19.0,-
2025-03-22 13:39:08,0.0,0.0,36.0,19.0,-
2025-03-22 13:39:09,0.0,0.0,36.0,19.0,-
2025-03-22 13:39:09,0.0,0.0,36.0,19.0,-
2025-03-22 13:39:09,0.0,0.0,36.0,19.0,-
2025-03-22 13:39:09,0.2,0.0,4.9,0.0,-
2025-03-22 14:19:17,5.8,0.0,7.5,0.0,-
2025-03-22 14:19:17,0.0,0.0,7.5,0.0,-
2025-03-22 14:19:17,0.0,0.0,7.5,0.0,-
2025-03-22 14:19:18,0.0,0.0,7.5,0.0,-
2025-03-22 14:19:18,0.0,0.0,7.5,0.0,-
2025-03-22 14:19:18,0.0,0.0,7.5,0.0,-
2025-03-22 14:19:18,0.0,0.0,7.5,0.0,-
2025-03-22 14:19:19,0.0,0.0,7.5,0.0,-
2025-03-22 14:19:19,0.0,0.0,7.5,0.0,-
2025-03-22 14:19:19,0.0,0.0,7.5,0.0,-
2025-03-22 14:19:20,0.0,0.0,7.5,0.0,-
2025-03-22 14:19:20,0.0,0.0,7.5,0.0,-
2025-03-22 14:19:20,0.0,0.0,7.5,0.0,-
2025-03-22 14:19:20,0.0,0.0,7.5,0.0,-
2025-03-22 14:19:20,0.0,0.0,7.5,0.0,-
2025-03-22 14:19:21,0.0,0.0,7.5,0.0,-
2025-03-22 14:19:21,0.0,0.0,7.5,0.0,-
2025-03-22 14:19:21,0.0,0.0,7.5,0.0,-
2025-03-22 14:19:21,0.0,0.0,7.5,0.0,-
2025-03-22 14:19:21,0.0,0.0,7.5,0.0,-
2025-03-22 14:19:22,0.0,0.0,7.5,0.0,-
2025-03-22 14:19:22,0.0,0.0,7.5,0.0,-
2025-03-22 14:19:22,0.0,0.0,7.5,0.0,-
2025-03-22 14:19:22,0.0,0.0,7.5,0.0,-
2025-03-22 14:19:23,0.0,0.0,7.5,0.0,-
2025-03-22 14:19:23,0.0,0.0,7.5,0.0,-
2025-03-22 14:19:23,0.0,0.0,7.5,0.0,-
2025-03-22 14:19:23,0.0,0.0,7.5,0.0,-
2025-03-22 14:19:24,0.0,0.0,7.5,0.0,-
2025-03-22 14:19:24,0.0,0.0,7.5,0.0,-
2025-03-22 14:19:24,0.0,0.0,7.5,0.0,-
2025-03-22 14:19:24,0.0,0.0,7.5,0.0,-
2025-03-22 14:19:24,0.0,0.0,7.5,0.0,-
2025-03-22 14:19:25,0.0,0.0,7.5,0.0,-
2025-03-22 14:19:25,0.0,0.0,7.5,0.0,-
2025-03-22 14:19:25,0.0,0.0,7.5,0.0,-
2025-03-22 14:19:25,0.0,0.0,7.5,0.0,-
2025-03-22 14:19:26,0.0,0.0,7.5,0.0,-
2025-03-22 14:19:26,0.0,0.0,7.5,0.0,-
2025-03-22 14:19:26,0.0,0.0,7.5,0.0,-
2025-03-22 14:19:26,0.0,0.0,7.5,0.0,-
2025-03-22 14:19:27,0.0,0.0,7.5,0.0,-
2025-03-22 14:19:27,0.0,0.0,7.5,0.0,-
2025-03-22 14:19:27,0.0,0.0,7.5,0.0,-
2025-03-22 14:19:27,0.0,0.0,7.5,0.0,-
2025-03-22 14:19:27,0.0,0.0,7.5,0.0,-
2025-03-22 14:19:28,0.0,0.0,7.5,0.0,-
2025-03-22 14:19:28,0.0,0.0,7.5,0.0,-
2025-03-22 14:19:28,0.0,0.0,7.5,0.0,-
2025-03-22 14:19:28,0.0,0.0,7.5,0.0,-
2025-03-22 14:19:29,0.0,0.0,7.5,0.0,-
2025-03-22 14:19:29,0.0,0.0,7.5,0.0,-
2025-03-22 14:19:29,0.0,0.0,7.5,0.0,-
2025-03-22 14:19:29,0.0,0.0,7.5,0.0,-
2025-03-22 14:19:29,0.0,0.0,7.5,0.0,-
2025-03-22 14:19:30,0.0,0.0,7.5,0.0,-
2025-03-22 14:19:30,0.0,0.0,7.5,0.0,-
2025-03-22 14:19:30,0.0,0.0,7.5,0.0,-
2025-03-22 14:19:30,0.0,0.0,7.5,0.0,-
2025-03-22 14:19:31,0.0,0.0,7.5,0.0,-
2025-03-22 14:19:31,0.0,0.0,7.5,0.0,-
2025-03-22 14:19:31,0.0,0.0,7.5,0.0,-
2025-03-22 14:19:31,0.0,0.0,7.5,0.0,-
2025-03-22 14:19:31,0.0,0.0,7.5,0.0,-
2025-03-22 14:19:32,0.0,0.0,7.5,0.0,-
2025-03-22 14:19:32,0.0,0.0,7.5,0.0,-
2025-03-22 14:19:32,0.0,0.0,7.5,0.0,-
2025-03-22 14:19:32,0.0,0.0,7.5,0.0,-
2025-03-22 14:19:33,0.0,0.0,7.5,0.0,-
2025-03-22 14:19:33,0.0,0.0,7.5,0.0,-
2025-03-22 14:19:33,0.0,0.0,7.5,0.0,-
2025-03-22 14:19:33,0.0,0.0,7.5,0.0,-
2025-03-22 14:19:34,0.0,0.0,7.5,0.0,-
2025-03-22 14:19:34,0.0,0.0,7.5,0.0,-
2025-03-22 14:19:34,0.0,0.0,7.5,0.0,-
2025-03-22 14:19:35,0.0,0.0,7.5,0.0,-
2025-03-22 14:19:35,0.0,0.0,7.5,0.0,-
2025-03-22 14:19:35,0.0,0.0,7.5,0.0,-
2025-03-22 14:19:36,0.0,0.0,7.5,0.0,-
2025-03-22 14:19:36,0.0,0.0,7.5,0.0,-
2025-03-22 14:19:36,0.0,0.0,7.5,0.0,-
2025-03-22 14:19:37,0.0,0.0,7.5,0.0,-
2025-03-22 14:19:37,0.0,0.0,7.5,0.0,-
2025-03-22 14:19:37,0.0,0.0,7.5,0.0,-
2025-03-22 14:19:37,0.0,0.0,7.5,0.0,-
2025-03-22 14:19:37,0.0,0.0,7.5,0.0,-
2025-03-22 14:19:38,0.0,0.0,7.5,0.0,-
2025-03-22 14:19:38,0.0,0.0,7.5,0.0,-
2025-03-22 14:19:38,0.0,0.0,7.5,0.0,-
2025-03-22 14:19:38,0.0,0.0,7.5,0.0,-
2025-03-22 14:19:39,0.0,0.0,7.5,0.0,-
2025-03-22 14:19:39,0.0,0.0,7.5,0.0,-
2025-03-22 14:19:39,0.0,0.0,7.5,0.0,-
2025-03-22 14:19:40,0.0,0.0,7.5,0.0,-
2025-03-22 14:19:40,0.0,0.0,7.5,0.0,-
2025-03-22 14:19:40,0.0,0.0,7.5,0.0,-
2025-03-22 14:19:40,0.0,0.0,7.5,0.0,-
2025-03-22 14:19:40,0.0,0.0,7.5,0.0,-
2025-03-22 14:19:41,0.0,0.0,7.5,0.0,-
2025-03-22 14:19:41,0.0,0.0,7.5,0.0,-
2025-03-22 14:19:41,0.0,0.0,7.5,0.0,-
2025-03-22 14:19:41,0.0,0.0,7.5,0.0,-
2025-03-22 14:19:42,0.0,0.0,7.5,0.0,-
2025-03-22 14:19:42,0.0,0.0,7.5,0.0,-
2025-03-22 14:19:42,0.0,0.0,7.5,0.0,-
2025-03-22 14:19:42,0.0,0.0,7.5,0.0,-
2025-03-22 14:19:43,0.0,0.0,7.5,0.0,-
2025-03-22 14:19:43,0.0,0.0,7.5,0.0,-
2025-03-22 14:19:43,0.0,0.0,7.5,0.0,-
2025-03-22 14:19:43,0.0,0.0,7.5,0.0,-
2025-03-22 14:19:44,0.0,0.0,7.5,0.0,-
2025-03-22 14:19:44,0.0,0.0,7.5,0.0,-
2025-03-22 14:19:44,0.0,0.0,7.5,0.0,-
2025-03-22 14:19:44,0.0,0.0,7.5,0.0,-
2025-03-22 14:19:45,0.0,0.0,7.5,0.0,-
2025-03-22 14:19:45,0.0,0.0,7.5,0.0,-
2025-03-22 14:19:45,0.0,0.0,7.5,0.0,-
2025-03-22 14:19:45,0.0,0.0,7.5,0.0,-
2025-03-22 14:19:45,0.0,0.0,7.5,0.0,-
2025-03-22 14:19:46,0.0,0.0,7.5,0.0,-
2025-03-22 14:19:46,0.0,0.0,7.5,0.0,-
2025-03-22 14:19:46,0.0,0.0,7.5,0.0,-
2025-03-22 14:19:46,0.0,0.0,7.5,0.0,-
2025-03-22 14:19:47,0.0,0.0,7.5,0.0,-
2025-03-22 14:19:47,0.0,0.0,7.5,0.0,-
2025-03-22 14:19:47,0.0,0.0,7.5,0.0,-
2025-03-22 14:19:47,0.0,0.0,7.5,0.0,-
2025-03-22 14:19:48,0.0,0.0,7.5,0.0,-
2025-03-22 14:19:48,0.0,0.0,7.5,0.0,-
2025-03-22 14:19:48,0.0,0.0,7.5,0.0,-
2025-03-22 14:19:48,0.0,0.0,7.5,0.0,-
2025-03-22 14:19:48,0.0,0.0,7.5,0.0,-
2025-03-22 14:19:49,0.0,0.0,7.5,0.0,-
2025-03-22 14:19:50,0.0,0.0,7.5,0.0,-
2025-03-22 14:19:50,0.0,0.0,7.5,0.0,-
2025-03-22 14:19:50,0.0,0.0,7.5,0.0,-
2025-03-22 14:19:50,0.0,0.0,7.5,0.0,-
2025-03-22 14:19:50,0.0,0.0,7.5,0.0,-
2025-03-22 14:19:51,0.0,0.0,7.5,0.0,-
2025-03-22 14:19:51,0.0,0.0,7.5,0.0,-
2025-03-22 14:19:51,0.0,0.0,7.5,0.0,-
2025-03-22 14:19:51,0.0,0.0,7.5,0.0,-
2025-03-22 14:19:51,0.0,0.0,7.5,0.0,-
2025-03-22 14:19:52,0.0,0.0,7.5,0.0,-
2025-03-22 14:19:52,0.0,0.0,7.5,0.0,-
2025-03-22 14:19:52,0.0,0.0,7.5,0.0,-
2025-03-22 14:19:53,0.0,0.0,7.5,0.0,-
2025-03-22 14:19:53,0.0,0.0,7.5,0.0,-
2025-03-22 14:19:53,0.0,0.0,7.5,0.0,-
2025-03-22 14:19:53,0.0,0.0,7.5,0.0,-
2025-03-22 14:19:54,0.0,0.0,7.5,0.0,-
2025-03-22 14:19:54,0.0,0.0,7.5,0.0,-
2025-03-22 14:19:54,0.0,0.0,7.5,0.0,-
2025-03-22 14:19:54,0.0,0.0,7.5,0.0,-
2025-03-22 14:19:55,0.0,0.0,7.5,0.0,-
2025-03-22 14:19:55,0.0,0.0,7.5,0.0,-
2025-03-22 14:19:55,0.0,0.0,7.5,0.0,-
2025-03-22 14:19:56,0.0,0.0,7.5,0.0,-
2025-03-22 14:19:56,0.3,0.0,7.5,0.0,-
2025-03-22 14:19:56,0.4,0.0,7.5,0.0,-
2025-03-22 14:19:56,0.0,0.0,7.5,0.0,-
2025-03-22 14:19:57,0.0,0.0,7.5,0.0,-
2025-03-22 14:19:57,0.0,0.0,7.5,0.0,-
2025-03-22 14:19:57,0.0,0.0,7.5,0.0,-
2025-03-22 14:19:57,0.0,0.0,7.5,0.0,-
2025-03-22 14:19:58,0.0,0.0,7.5,0.0,-
2025-03-22 14:19:58,0.0,0.0,7.5,0.0,-
2025-03-22 14:19:58,0.0,0.0,7.5,0.0,-
2025-03-22 14:20:00,0.0,0.0,7.5,0.0,-
2025-03-22 14:20:00,0.0,0.0,7.5,0.0,-
2025-03-22 14:20:01,0.0,0.0,7.5,0.0,-
2025-03-22 14:20:01,0.0,0.0,7.5,0.0,-
2025-03-22 14:20:01,0.0,0.0,7.5,0.0,-
2025-03-22 14:20:02,0.0,0.0,7.5,0.0,-
2025-03-22 14:20:02,0.0,0.0,7.5,0.0,-
2025-03-22 14:20:02,0.0,0.0,7.5,0.0,-
2025-03-22 14:20:02,0.0,0.0,7.5,0.0,-
2025-03-22 14:20:03,0.0,0.0,7.5,0.0,-
2025-03-22 14:20:03,0.0,0.0,7.5,0.0,-
2025-03-22 14:20:03,0.0,0.0,7.5,0.0,-
2025-03-22 14:20:03,0.0,0.0,7.5,0.0,-
2025-03-22 14:20:03,0.0,0.0,7.5,0.0,-
2025-03-22 14:20:04,0.0,0.0,7.5,0.0,-
2025-03-22 14:20:04,0.0,0.0,7.5,0.0,-
2025-03-22 14:20:04,0.0,0.0,7.5,0.0,-
2025-03-22 14:20:05,0.0,0.0,7.5,0.0,-
2025-03-22 14:20:05,0.0,0.0,7.5,0.0,-
2025-03-22 14:20:05,0.6,0.0,7.5,0.0,-
2025-03-22 14:20:05,0.0,0.0,7.5,0.0,-
2025-03-22 14:20:05,0.0,0.0,7.5,0.0,-
2025-03-22 14:20:06,0.0,0.0,7.5,0.0,-
2025-03-22 14:20:06,0.0,0.0,7.5,0.0,-
2025-03-22 14:20:06,0.0,0.0,7.5,0.0,-
2025-03-22 14:20:06,0.0,0.0,7.5,0.0,-
2025-03-22 14:20:07,0.0,0.0,7.5,0.0,-
2025-03-22 14:20:07,0.0,0.0,7.5,0.0,-
2025-03-22 14:20:07,0.0,0.0,7.5,0.0,-
2025-03-22 14:20:07,0.0,0.0,7.5,0.0,-
2025-03-22 14:20:08,0.0,0.0,7.5,0.0,-
2025-03-22 14:20:08,0.0,0.0,7.5,0.0,-
2025-03-22 14:20:08,0.0,0.0,7.5,0.0,-
2025-03-22 14:20:09,0.0,0.0,7.5,0.0,-
2025-03-22 14:20:09,0.0,0.0,7.5,0.0,-
2025-03-22 14:20:09,0.0,0.0,7.5,0.0,-
2025-03-22 14:20:09,0.0,0.0,7.5,0.0,-
2025-03-22 14:20:09,0.0,0.0,7.5,0.0,-
2025-03-22 14:20:10,0.0,0.0,7.5,0.0,-
2025-03-22 14:20:10,0.0,0.0,7.5,0.0,-
2025-03-22 14:20:10,0.0,0.0,7.5,0.0,-
2025-03-22 14:20:10,0.0,0.0,7.5,0.0,-
2025-03-22 14:20:11,0.0,0.0,7.5,0.0,-
2025-03-22 14:20:11,0.0,0.0,7.5,0.0,-
2025-03-22 14:20:11,0.0,0.0,7.5,0.0,-
2025-03-22 14:20:11,0.0,0.0,7.5,0.0,-
2025-03-22 14:20:11,0.0,0.0,7.5,0.0,-
2025-03-22 14:20:12,0.0,0.0,7.5,0.0,-
2025-03-22 14:20:12,0.0,0.0,7.5,0.0,-
2025-03-22 14:20:12,0.0,0.0,7.5,0.0,-
2025-03-22 14:20:12,0.0,0.0,7.5,0.0,-
2025-03-22 14:20:13,0.0,0.0,7.5,0.0,-
2025-03-22 14:20:13,0.0,0.0,7.5,0.0,-
2025-03-22 14:20:13,0.0,0.0,7.5,0.0,-
2025-03-22 14:20:13,0.0,0.0,7.5,0.0,-
2025-03-22 14:20:13,0.0,0.0,7.5,0.0,-
2025-03-22 14:20:14,0.0,0.0,7.5,0.0,-
2025-03-22 14:20:14,0.0,0.0,7.5,0.0,-
2025-03-22 14:20:14,0.0,0.0,7.5,0.0,-
2025-03-22 14:20:14,0.0,0.0,7.5,0.0,-
2025-03-22 14:20:15,0.0,0.0,7.5,0.0,-
2025-03-22 14:20:15,0.0,0.0,7.5,0.0,-
2025-03-22 14:20:15,0.0,0.0,7.5,0.0,-
2025-03-22 14:20:15,0.0,0.0,7.5,0.0,-
2025-03-22 14:20:15,0.0,0.0,7.5,0.0,-
2025-03-22 14:20:16,0.0,0.0,7.5,0.0,-
2025-03-22 14:20:16,0.0,0.0,7.5,0.0,-
2025-03-22 14:20:16,0.0,0.0,7.5,0.0,-
2025-03-22 14:20:16,0.0,0.0,7.5,0.0,-
2025-03-22 14:20:17,0.0,0.0,7.5,0.0,-
2025-03-22 14:20:17,0.0,0.0,7.5,0.0,-
2025-03-22 14:20:17,0.0,0.0,7.5,0.0,-
2025-03-22 14:20:17,0.0,0.0,7.5,0.0,-
2025-03-22 14:20:18,0.0,0.0,7.5,0.0,-
2025-03-22 14:20:18,0.0,0.0,7.5,0.0,-
2025-03-22 14:20:18,0.0,0.0,7.5,0.0,-
2025-03-22 14:20:18,0.0,0.0,7.5,0.0,-
2025-03-22 14:20:19,0.0,0.0,7.5,0.0,-
2025-03-22 14:20:19,0.0,0.0,7.5,0.0,-
2025-03-22 14:20:19,0.0,0.0,7.5,0.0,-
2025-03-22 14:20:20,0.0,0.0,7.5,0.0,-
2025-03-22 14:20:20,0.0,0.0,7.5,0.0,-
2025-03-22 14:20:20,0.0,0.0,7.5,0.0,-
2025-03-22 14:20:20,0.0,0.0,7.5,0.0,-
2025-03-22 14:20:21,0.0,0.0,7.5,0.0,-
2025-03-22 14:20:21,0.0,0.0,7.5,0.0,-
2025-03-22 14:20:21,0.0,0.0,7.5,0.0,-
2025-03-22 14:20:21,0.0,0.0,7.5,0.0,-
2025-03-22 14:20:21,0.0,0.0,7.5,0.0,-
2025-03-22 14:20:22,0.0,0.0,7.5,0.0,-
2025-03-22 14:20:22,0.0,0.0,7.5,0.0,-
2025-03-22 14:20:22,0.0,0.0,7.5,0.0,-
2025-03-22 14:20:22,0.0,0.0,7.5,0.0,-
2025-03-22 14:20:22,0.0,0.0,7.5,0.0,-
2025-03-22 14:20:23,0.0,0.0,7.5,0.0,-
2025-03-22 14:20:23,0.0,0.0,7.5,0.0,-
2025-03-22 14:20:23,0.0,0.0,7.5,0.0,-
2025-03-22 14:20:23,0.0,0.0,7.5,0.0,-
2025-03-22 14:20:24,0.0,0.0,7.5,0.0,-
2025-03-22 14:20:24,0.0,0.0,7.5,0.0,-
2025-03-22 14:20:24,0.0,0.0,7.5,0.0,-
2025-03-22 14:20:24,0.0,0.0,7.5,0.0,-
2025-03-22 14:20:25,0.0,0.0,7.5,0.0,-
2025-03-22 14:20:25,0.0,0.0,7.5,0.0,-
2025-03-22 14:20:26,0.1,0.0,7.5,0.0,-
2025-03-22 14:20:26,0.0,0.0,7.5,0.0,-
2025-03-22 14:20:26,0.0,0.0,7.5,0.0,-
2025-03-22 14:20:26,0.0,0.0,7.5,0.0,-
2025-03-22 14:20:27,0.0,0.0,7.5,0.0,-
2025-03-22 14:20:27,0.0,0.0,7.5,0.0,-
2025-03-22 14:20:27,0.0,0.0,7.5,0.0,-
2025-03-22 14:20:27,0.0,0.0,7.5,0.0,-
2025-03-22 14:20:28,0.0,0.0,7.5,0.0,-
2025-03-22 14:20:28,0.0,0.0,7.5,0.0,-
2025-03-22 14:20:28,0.0,0.0,7.5,0.0,-
2025-03-22 14:20:28,0.0,0.0,7.5,0.0,-
2025-03-22 14:20:29,0.0,0.0,7.5,0.0,-
2025-03-22 14:20:29,0.0,0.0,7.5,0.0,-
2025-03-22 14:20:29,0.0,0.0,7.5,0.0,-
2025-03-22 14:20:29,0.0,0.0,7.5,0.0,-
2025-03-22 14:20:30,0.0,0.0,7.5,0.0,-
2025-03-22 14:20:30,0.0,0.0,7.5,0.0,-
2025-03-22 14:20:30,0.0,0.0,7.5,0.0,-
2025-03-22 14:20:30,0.0,0.0,7.5,0.0,-
2025-03-22 14:20:30,0.0,0.0,7.5,0.0,-
2025-03-22 14:20:31,0.0,0.0,7.5,0.0,-
2025-03-22 14:20:31,0.0,0.0,7.5,0.0,-
2025-03-22 14:20:31,0.0,0.0,7.5,0.0,-
2025-03-22 14:20:31,0.0,0.0,7.5,0.0,-
2025-03-22 14:20:31,0.0,0.0,7.5,0.0,-
2025-03-22 14:20:32,0.0,0.0,7.5,0.0,-
2025-03-22 14:20:32,0.0,0.0,7.5,0.0,-
2025-03-22 14:20:32,0.0,0.0,7.5,0.0,-
2025-03-22 14:20:32,0.0,0.0,7.5,0.0,-
2025-03-22 14:20:33,0.0,0.0,7.5,0.0,-
2025-03-22 14:20:33,0.0,0.0,7.5,0.0,-
2025-03-22 14:20:33,0.0,0.0,7.5,0.0,-
2025-03-22 14:20:33,0.0,0.0,7.5,0.0,-
2025-03-22 14:20:33,0.0,0.0,7.5,0.0,-
2025-03-22 14:20:34,0.0,0.0,7.5,0.0,-
2025-03-22 14:20:34,0.0,0.0,7.5,0.0,-
2025-03-22 14:20:34,0.0,0.0,7.5,0.0,-
2025-03-22 14:20:34,0.0,0.0,7.5,0.0,-
2025-03-22 14:20:35,0.0,0.0,7.5,0.0,-
2025-03-22 14:20:35,0.0,0.0,7.5,0.0,-
2025-03-22 14:20:35,0.0,0.0,7.5,0.0,-
2025-03-22 14:20:35,0.0,0.0,7.5,0.0,-
2025-03-22 14:20:36,0.0,0.0,7.5,0.0,-
2025-03-22 14:20:36,0.0,0.0,7.5,0.0,-
2025-03-22 14:20:36,0.0,0.0,7.5,0.0,-
2025-03-22 14:20:36,0.0,0.0,7.5,0.0,-
2025-03-22 14:20:37,0.0,0.0,7.5,0.0,-
2025-03-22 14:20:37,0.0,0.0,7.5,0.0,-
2025-03-22 14:20:37,0.0,0.0,7.5,0.0,-
2025-03-22 14:20:37,0.0,0.0,7.5,0.0,-
2025-03-22 14:20:37,0.0,0.0,7.5,0.0,-
2025-03-22 14:20:38,0.0,0.0,7.5,0.0,-
2025-03-22 14:20:38,0.0,0.0,7.5,0.0,-
2025-03-22 14:20:38,0.0,0.0,7.5,0.0,-
2025-03-22 14:20:39,0.0,0.0,7.5,0.0,-
2025-03-22 14:20:39,0.0,0.0,7.5,0.0,-
2025-03-22 14:20:39,0.0,0.0,7.5,0.0,-
2025-03-22 14:20:40,0.0,0.0,7.5,0.0,-
2025-03-22 14:20:40,0.0,0.0,7.5,0.0,-
2025-03-22 14:20:40,0.0,0.0,7.5,0.0,-
2025-03-22 14:20:40,0.0,0.0,7.5,0.0,-
2025-03-22 14:20:41,0.0,0.0,7.5,0.0,-
2025-03-22 14:20:41,0.0,0.0,7.5,0.0,-
2025-03-22 14:20:41,0.0,0.0,7.5,0.0,-
2025-03-22 14:20:41,0.0,0.0,7.5,0.0,-
2025-03-22 14:20:42,0.0,0.0,7.5,0.0,-
2025-03-22 14:20:42,0.0,0.0,7.5,0.0,-
2025-03-22 14:20:42,0.0,0.0,7.5,0.0,-
2025-03-22 14:20:42,0.0,0.0,7.5,0.0,-
2025-03-22 14:20:42,0.0,0.0,7.5,0.0,-
2025-03-22 14:20:43,0.0,0.0,7.5,0.0,-
2025-03-22 14:20:43,0.0,0.0,7.5,0.0,-
2025-03-22 14:20:43,0.0,0.0,7.5,0.0,-
2025-03-22 14:20:43,0.0,0.0,7.5,0.0,-
2025-03-22 14:20:44,0.0,0.0,7.5,0.0,-
2025-03-22 14:20:44,0.0,0.0,7.5,0.0,-
2025-03-22 14:20:44,0.0,0.0,7.5,0.0,-
2025-03-22 14:20:44,0.0,0.0,7.5,0.0,-
2025-03-22 14:20:45,0.0,0.0,7.5,0.0,-
2025-03-22 14:20:45,0.0,0.0,7.5,0.0,-
2025-03-22 14:20:45,0.0,0.0,7.5,0.0,-
2025-03-22 14:20:45,0.0,0.0,7.5,0.0,-
2025-03-22 14:20:45,0.0,0.0,7.5,0.0,-
2025-03-22 14:20:46,0.0,0.0,7.5,0.0,-
2025-03-22 14:20:46,0.0,0.0,7.5,0.0,-
2025-03-22 14:20:46,0.0,0.0,7.5,0.0,-
2025-03-22 14:20:46,0.0,0.0,7.5,0.0,-
2025-03-22 14:20:47,0.0,0.0,7.5,0.0,-
2025-03-22 14:20:47,0.0,0.0,7.5,0.0,-
2025-03-22 14:20:47,0.0,0.0,7.5,0.0,-
2025-03-22 14:20:47,0.0,0.0,7.5,0.0,-
2025-03-22 14:20:48,0.0,0.0,7.5,0.0,-
2025-03-22 14:20:48,0.0,0.0,7.5,0.0,-
2025-03-22 14:20:48,0.0,0.0,7.5,0.0,-
2025-03-22 14:20:48,0.0,0.0,7.5,0.0,-
2025-03-22 14:20:49,0.0,0.0,7.5,0.0,-
2025-03-22 14:20:49,0.0,0.0,7.5,0.0,-
2025-03-22 14:20:50,0.0,0.0,7.5,0.0,-
2025-03-22 14:20:50,0.0,0.0,7.5,0.0,-
2025-03-22 14:20:50,0.0,0.0,7.5,0.0,-
2025-03-22 14:20:50,0.0,0.0,7.5,0.0,-
2025-03-22 14:20:51,0.0,0.0,7.5,0.0,-
2025-03-22 14:20:51,0.0,0.0,7.5,0.0,-
2025-03-22 14:20:51,0.0,0.0,7.5,0.0,-
2025-03-22 14:20:51,0.0,0.0,7.5,0.0,-
2025-03-22 14:20:51,0.0,0.0,7.5,0.0,-
2025-03-22 14:20:52,0.0,0.0,7.5,0.0,-
2025-03-22 14:20:52,0.0,0.0,7.5,0.0,-
2025-03-22 14:20:52,0.0,0.0,7.5,0.0,-
2025-03-22 14:20:52,0.0,0.0,7.5,0.0,-
2025-03-22 14:20:53,0.0,0.0,7.5,0.0,-
2025-03-22 14:20:53,0.0,0.0,7.5,0.0,-
2025-03-22 14:20:53,0.0,0.0,7.5,0.0,-
2025-03-22 14:20:53,0.0,0.0,7.5,0.0,-
2025-03-22 14:20:54,0.0,0.0,7.5,0.0,-
2025-03-22 14:20:54,0.0,0.0,7.5,0.0,-
2025-03-22 14:20:54,0.0,0.0,7.5,0.0,-
2025-03-22 14:20:55,0.0,0.0,7.5,0.0,-
2025-03-22 14:20:55,0.0,0.0,7.5,0.0,-
2025-03-22 14:20:55,0.0,0.0,7.5,0.0,-
2025-03-22 14:20:55,0.0,0.0,7.5,0.0,-
2025-03-22 14:20:55,0.0,0.0,7.5,0.0,-
2025-03-22 14:20:56,0.0,0.0,7.5,0.0,-
2025-03-22 14:20:56,0.0,0.0,7.5,0.0,-
2025-03-22 14:20:56,0.0,0.0,7.5,0.0,-
2025-03-22 14:20:56,0.0,0.0,7.5,0.0,-
2025-03-22 14:20:57,0.0,0.0,7.5,0.0,-
2025-03-22 14:20:57,0.0,0.0,7.5,0.0,-
2025-03-22 14:20:57,0.0,0.0,7.5,0.0,-
2025-03-22 14:20:57,0.0,0.0,7.5,0.0,-
2025-03-22 14:20:58,0.0,0.0,7.5,0.0,-
2025-03-22 14:20:58,0.1,0.0,7.5,0.0,-
2025-03-22 14:20:58,0.0,0.0,7.5,0.0,-
2025-03-22 14:20:59,0.0,0.0,7.5,0.0,-
2025-03-22 14:20:59,0.2,0.0,7.5,0.0,-
2025-03-22 14:20:59,0.0,0.0,7.5,0.0,-
2025-03-22 14:20:59,0.0,0.0,7.5,0.0,-
2025-03-22 14:20:59,0.0,0.0,7.5,0.0,-
2025-03-22 14:21:00,0.0,0.0,7.5,0.0,-
2025-03-22 14:21:00,0.0,0.0,7.5,0.0,-
2025-03-22 14:21:00,0.0,0.0,7.5,0.0,-
2025-03-22 14:21:00,0.0,0.0,7.5,0.0,-
2025-03-22 14:21:01,0.0,0.0,7.5,0.0,-
2025-03-22 14:21:01,0.0,0.0,7.5,0.0,-
2025-03-22 14:21:01,0.0,0.0,7.5,0.0,-
2025-03-22 14:21:01,0.0,0.0,7.5,0.0,-
2025-03-22 14:21:02,0.0,0.0,7.5,0.0,-
2025-03-22 14:21:02,0.0,0.0,7.5,0.0,-
2025-03-22 14:21:02,0.0,0.0,7.5,0.0,-
2025-03-22 14:21:02,0.0,0.0,7.5,0.0,-
2025-03-22 14:21:03,0.0,0.0,7.5,0.0,-
2025-03-22 14:21:03,0.0,0.0,7.5,0.0,-
2025-03-22 14:21:03,0.0,0.0,7.5,0.0,-
2025-03-22 14:21:03,0.0,0.0,7.5,0.0,-
2025-03-22 14:21:04,0.0,0.0,7.5,0.0,-
2025-03-22 14:21:04,0.0,0.0,7.5,0.0,-
2025-03-22 14:21:04,0.0,0.0,7.5,0.0,-
2025-03-22 14:21:04,0.0,0.0,7.5,0.0,-
2025-03-22 14:21:05,0.0,0.0,7.5,0.0,-
2025-03-22 14:21:05,0.0,0.0,7.5,0.0,-
2025-03-22 14:21:05,0.0,0.0,7.5,0.0,-
2025-03-22 14:21:05,0.0,0.0,7.5,0.0,-
2025-03-22 14:21:05,0.0,0.0,7.5,0.0,-
2025-03-22 14:21:06,0.0,0.0,7.5,0.0,-
2025-03-22 14:21:06,0.0,0.0,7.5,0.0,-
2025-03-22 14:21:06,0.0,0.0,7.5,0.0,-
2025-03-22 14:21:06,0.0,0.0,7.5,0.0,-
2025-03-22 14:21:07,0.0,0.0,7.5,0.0,-
2025-03-22 14:21:07,0.0,0.0,7.5,0.0,-
2025-03-22 14:21:07,0.0,0.0,7.5,0.0,-
2025-03-22 14:21:07,0.0,0.0,7.5,0.0,-
2025-03-22 14:21:07,0.0,0.0,7.5,0.0,-
2025-03-22 14:21:08,0.0,0.0,7.5,0.0,-
2025-03-22 14:21:08,0.0,0.0,7.5,0.0,-
2025-03-22 14:21:08,0.0,0.0,7.5,0.0,-
2025-03-22 14:21:09,0.0,0.0,7.5,0.0,-
2025-03-22 14:21:09,0.0,0.0,7.5,0.0,-
2025-03-22 14:21:09,0.0,0.0,7.5,0.0,-
2025-03-22 14:21:09,0.0,0.0,7.5,0.0,-
2025-03-22 14:21:10,0.0,0.0,7.5,0.0,-
2025-03-22 14:21:10,0.0,0.0,7.5,0.0,-
2025-03-22 14:21:10,0.0,0.0,7.5,0.0,-
2025-03-22 14:21:10,0.0,0.0,7.5,0.0,-
2025-03-22 14:21:11,0.0,0.0,7.5,0.0,-
2025-03-22 14:21:11,0.0,0.0,7.5,0.0,-
2025-03-22 14:21:11,0.0,0.0,7.5,0.0,-
2025-03-22 14:21:11,0.0,0.0,7.5,0.0,-
2025-03-22 14:21:11,0.0,0.0,7.5,0.0,-
2025-03-22 14:21:12,0.0,0.0,7.5,0.0,-
2025-03-22 14:21:12,0.0,0.0,7.5,0.0,-
2025-03-22 14:21:13,0.0,0.0,7.5,0.0,-
2025-03-22 14:21:13,0.0,0.0,7.5,0.0,-
2025-03-22 14:21:13,0.0,0.0,7.5,0.0,-
2025-03-22 14:21:13,0.0,0.0,7.5,0.0,-
2025-03-22 14:21:13,0.0,0.0,7.5,0.0,-
2025-03-22 14:21:14,0.0,0.0,7.5,0.0,-
2025-03-22 14:21:14,0.0,0.0,7.5,0.0,-
2025-03-22 14:21:14,0.0,0.0,7.5,0.0,-
2025-03-22 14:21:14,0.0,0.0,7.5,0.0,-
2025-03-22 14:21:15,0.0,0.0,7.5,0.0,-
2025-03-22 14:21:15,0.0,0.0,7.5,0.0,-
2025-03-22 14:21:15,0.0,0.0,7.5,0.0,-
2025-03-22 14:21:15,0.0,0.0,7.5,0.0,-
2025-03-22 14:21:16,0.0,0.0,7.5,0.0,-
2025-03-22 14:21:16,0.0,0.0,7.5,0.0,-
2025-03-22 14:21:16,0.0,0.0,7.5,0.0,-
2025-03-22 14:21:16,0.0,0.0,7.5,0.0,-
2025-03-22 14:21:17,0.0,0.0,7.5,0.0,-
2025-03-22 14:21:17,0.0,0.0,7.5,0.0,-
2025-03-22 14:21:17,0.0,0.0,7.5,0.0,-
2025-03-22 14:21:17,0.0,0.0,7.5,0.0,-
2025-03-22 14:21:17,0.0,0.0,7.5,0.0,-
2025-03-22 14:21:18,0.0,0.0,7.5,0.0,-
2025-03-22 14:21:18,0.0,0.0,7.5,0.0,-
2025-03-22 14:21:18,0.0,0.0,7.5,0.0,-
2025-03-22 14:21:18,0.0,0.0,7.5,0.0,-
2025-03-22 14:21:18,0.0,0.0,7.5,0.0,-
2025-03-22 14:21:19,0.0,0.0,7.5,0.0,-
2025-03-22 14:21:20,0.0,0.0,7.5,0.0,-
2025-03-22 14:21:20,0.0,0.0,7.5,0.0,-
2025-03-22 14:21:20,0.0,0.0,7.5,0.0,-
2025-03-22 14:21:20,0.0,0.0,7.5,0.0,-
2025-03-22 14:21:20,0.0,0.0,7.5,0.0,-
2025-03-22 14:21:21,0.0,0.0,7.5,0.0,-
2025-03-22 14:21:21,0.0,0.0,7.5,0.0,-
2025-03-22 14:21:21,0.0,0.0,7.5,0.0,-
2025-03-22 14:21:21,0.0,0.0,7.5,0.0,-
2025-03-22 14:21:22,0.0,0.0,7.5,0.0,-
2025-03-22 14:21:22,0.0,0.0,7.5,0.0,-
2025-03-22 14:21:22,0.0,0.0,7.5,0.0,-
2025-03-22 14:21:23,0.0,0.0,7.5,0.0,-
2025-03-22 14:21:23,0.0,0.0,7.5,0.0,-
2025-03-22 14:21:23,0.0,0.0,7.5,0.0,-
2025-03-22 14:21:24,0.0,0.0,7.5,0.0,-
2025-03-22 14:21:24,0.0,0.0,7.5,0.0,-
2025-03-22 14:21:24,0.0,0.0,7.5,0.0,-
2025-03-22 14:21:24,0.0,0.0,7.5,0.0,-
2025-03-22 14:21:25,0.0,0.0,7.5,0.0,-
2025-03-22 14:21:25,0.0,0.0,7.5,0.0,-
2025-03-22 14:21:25,0.0,0.0,7.5,0.0,-
2025-03-22 14:21:25,0.0,0.0,7.5,0.0,-
2025-03-22 14:21:26,0.0,0.0,7.5,0.0,-
2025-03-22 14:21:26,0.0,0.0,7.5,0.0,-
2025-03-22 14:21:26,0.0,0.0,7.5,0.0,-
2025-03-22 14:21:26,0.0,0.0,7.5,0.0,-
2025-03-22 14:21:27,0.0,0.0,7.5,0.0,-
2025-03-22 14:21:27,0.0,0.0,7.5,0.0,-
2025-03-22 14:21:27,0.0,0.0,7.5,0.0,-
2025-03-22 14:21:27,0.0,0.0,7.5,0.0,-
2025-03-22 14:21:27,0.0,0.0,7.5,0.0,-
2025-03-22 14:21:28,0.0,0.0,7.5,0.0,-
2025-03-22 14:21:28,0.0,0.0,7.5,0.0,-
2025-03-22 14:21:28,0.0,0.0,7.5,0.0,-
2025-03-22 14:21:28,0.0,0.0,7.5,0.0,-
2025-03-22 14:21:29,0.0,0.0,7.5,0.0,-
2025-03-22 14:21:29,0.0,0.0,7.5,0.0,-
2025-03-22 14:21:29,0.0,0.0,7.5,0.0,-
2025-03-22 14:21:29,0.0,0.0,7.5,0.0,-
2025-03-22 14:21:29,0.0,0.0,7.5,0.0,-
2025-03-22 14:21:30,0.0,0.0,7.5,0.0,-
2025-03-22 14:21:30,0.0,0.0,7.5,0.0,-
2025-03-22 14:21:30,0.0,0.0,7.5,0.0,-
2025-03-22 14:21:30,0.0,0.0,7.5,0.0,-
2025-03-22 14:21:31,0.0,0.0,7.5,0.0,-
2025-03-22 14:21:31,0.0,0.0,7.5,0.0,-
2025-03-22 14:21:31,0.0,0.0,7.5,0.0,-
2025-03-22 14:21:31,0.0,0.0,7.5,0.0,-
2025-03-22 14:21:32,0.0,0.0,7.5,0.0,-
2025-03-22 14:21:32,0.0,0.0,7.5,0.0,-
2025-03-22 14:21:32,0.0,0.0,7.5,0.0,-
2025-03-22 14:21:32,0.0,0.0,7.5,0.0,-
2025-03-22 14:21:32,0.0,0.0,7.5,0.0,-
2025-03-22 14:21:33,0.0,0.0,7.5,0.0,-
2025-03-22 14:21:33,0.0,0.0,7.5,0.0,-
2025-03-22 14:21:33,0.0,0.0,7.5,0.0,-
2025-03-22 14:21:34,0.0,0.0,7.5,0.0,-
2025-03-22 14:21:34,0.0,0.0,7.5,0.0,-
2025-03-22 14:21:35,0.0,0.0,7.5,0.0,-
2025-03-22 14:21:35,0.0,0.0,7.5,0.0,-
2025-03-22 14:21:35,0.0,0.0,7.5,0.0,-
2025-03-22 14:21:35,0.0,0.0,7.5,0.0,-
2025-03-22 14:21:36,0.0,0.0,7.5,0.0,-
2025-03-22 14:21:36,0.0,0.0,7.5,0.0,-
2025-03-22 14:21:36,0.0,0.0,7.5,0.0,-
2025-03-22 14:21:36,0.0,0.0,7.5,0.0,-
2025-03-22 14:21:36,0.0,0.0,7.5,0.0,-
2025-03-22 14:21:37,0.0,0.0,7.5,0.0,-
2025-03-22 14:21:37,0.0,0.0,7.5,0.0,-
2025-03-22 14:21:38,0.0,0.0,7.5,0.0,-
2025-03-22 14:21:38,0.0,0.0,7.5,0.0,-
2025-03-22 14:21:38,0.0,0.0,7.5,0.0,-
2025-03-22 14:21:38,0.0,0.0,7.5,0.0,-
2025-03-22 14:21:39,0.0,0.0,7.5,0.0,-
2025-03-22 14:21:39,0.0,0.0,7.5,0.0,-
2025-03-22 14:21:39,0.0,0.0,7.5,0.0,-
2025-03-22 14:21:40,0.0,0.0,7.5,0.0,-
2025-03-22 14:21:40,0.0,0.0,7.5,0.0,-
2025-03-22 14:21:40,0.0,0.0,7.5,0.0,-
2025-03-22 14:21:40,0.0,0.0,7.5,0.0,-
2025-03-22 14:21:41,0.0,0.0,7.5,0.0,-
2025-03-22 14:21:41,0.0,0.0,7.5,0.0,-
2025-03-22 14:21:41,0.0,0.0,7.5,0.0,-
2025-03-22 14:21:41,0.0,0.0,7.5,0.0,-
2025-03-22 14:21:41,0.0,0.0,7.5,0.0,-
2025-03-22 14:21:42,0.0,0.0,7.5,0.0,-
2025-03-22 14:21:42,0.0,0.0,7.5,0.0,-
2025-03-22 14:21:42,0.3,0.0,7.5,0.0,-
2025-03-22 14:21:43,0.3,0.0,7.5,0.0,-
2025-03-22 14:21:43,0.0,0.0,7.5,0.0,-
2025-03-22 14:21:43,0.1,0.0,7.5,0.0,-
2025-03-22 14:21:43,0.0,0.0,7.5,0.0,-
2025-03-22 14:21:44,0.0,0.0,7.5,0.0,-
2025-03-22 14:21:44,0.0,0.0,7.5,0.0,-
2025-03-22 14:21:44,0.0,0.0,7.5,0.0,-
2025-03-22 14:21:44,0.0,0.0,7.5,0.0,-
2025-03-22 14:21:45,0.0,0.0,7.5,0.0,-
2025-03-22 14:21:45,0.0,0.0,7.5,0.0,-
2025-03-22 14:21:45,0.0,0.0,7.5,0.0,-
2025-03-22 14:21:45,0.0,0.0,7.5,0.0,-
2025-03-22 14:21:46,0.0,0.0,7.5,0.0,-
2025-03-22 14:21:46,0.0,0.0,7.5,0.0,-
2025-03-22 14:21:46,0.0,0.0,7.5,0.0,-
2025-03-22 14:21:47,0.0,0.0,7.5,0.0,-
2025-03-22 14:21:47,0.0,0.0,7.5,0.0,-
2025-03-22 14:21:48,0.0,0.0,7.5,0.0,-
2025-03-22 14:21:48,0.0,0.0,7.5,0.0,-
2025-03-22 14:21:48,0.0,0.0,7.5,0.0,-
2025-03-22 14:21:48,0.0,0.0,7.5,0.0,-
2025-03-22 14:21:49,0.0,0.0,7.5,0.0,-
2025-03-22 14:21:49,0.0,0.0,7.5,0.0,-
2025-03-22 14:21:50,0.4,0.0,7.5,0.0,-
2025-03-22 14:21:50,0.0,0.0,7.5,0.0,-
2025-03-22 14:21:50,0.0,0.0,7.5,0.0,-
2025-03-22 14:21:50,0.0,0.0,7.5,0.0,-
2025-03-22 14:21:50,0.0,0.0,7.5,0.0,-
2025-03-22 14:21:51,0.0,0.0,7.5,0.0,-
2025-03-22 14:21:51,0.0,0.0,7.5,0.0,-
2025-03-22 14:21:51,0.0,0.0,7.5,0.0,-
2025-03-22 14:21:51,0.0,0.0,7.5,0.0,-
2025-03-22 14:21:52,0.0,0.0,7.5,0.0,-
2025-03-22 14:21:52,0.0,0.0,7.5,0.0,-
2025-03-22 14:21:52,0.0,0.0,7.5,0.0,-
2025-03-22 14:21:52,0.0,0.0,7.5,0.0,-
2025-03-22 14:21:53,0.0,0.0,7.5,0.0,-
2025-03-22 14:21:53,0.0,0.0,7.5,0.0,-
2025-03-22 14:21:53,0.0,0.0,7.5,0.0,-
2025-03-22 14:21:53,0.0,0.0,7.5,0.0,-
2025-03-22 14:21:54,0.0,0.0,7.5,0.0,-
2025-03-22 14:21:54,0.0,0.0,7.5,0.0,-
2025-03-22 14:21:54,0.0,0.0,7.5,0.0,-
2025-03-22 14:21:54,0.0,0.0,7.5,0.0,-
2025-03-22 14:21:55,0.0,0.0,7.5,0.0,-
2025-03-22 14:21:55,0.0,0.0,7.5,0.0,-
2025-03-22 14:21:55,0.0,0.0,7.5,0.0,-
2025-03-22 14:21:55,0.0,0.0,7.5,0.0,-
2025-03-22 14:21:56,0.0,0.0,7.5,0.0,-
2025-03-22 14:21:56,0.0,0.0,7.5,0.0,-
2025-03-22 14:21:56,0.0,0.0,7.5,0.0,-
2025-03-22 14:21:56,0.0,0.0,7.5,0.0,-
2025-03-22 14:21:57,0.0,0.0,7.5,0.0,-
2025-03-22 14:21:57,0.0,0.0,7.5,0.0,-
2025-03-22 14:21:57,0.0,0.0,7.5,0.0,-
2025-03-22 14:21:57,0.0,0.0,7.5,0.0,-
2025-03-22 14:21:57,0.0,0.0,7.5,0.0,-
2025-03-22 14:21:58,0.0,0.0,7.5,0.0,-
2025-03-22 14:21:58,0.0,0.0,7.5,0.0,-
2025-03-22 14:21:58,0.0,0.0,7.5,0.0,-
2025-03-22 14:21:58,0.0,0.0,7.5,0.0,-
2025-03-22 14:21:59,0.0,0.0,7.5,0.0,-
2025-03-22 14:21:59,0.0,0.0,7.5,0.0,-
2025-03-22 14:21:59,0.0,0.0,7.5,0.0,-
2025-03-22 14:22:00,0.0,0.0,7.5,0.0,-
2025-03-22 14:22:00,0.0,0.0,7.5,0.0,-
2025-03-22 14:22:00,0.0,0.0,7.5,0.0,-
2025-03-22 14:22:00,0.0,0.0,7.5,0.0,-
2025-03-22 14:22:01,0.0,0.0,7.5,0.0,-
2025-03-22 14:22:01,0.0,0.0,7.5,0.0,-
2025-03-22 14:22:01,0.0,0.0,7.5,0.0,-
2025-03-22 14:22:02,0.0,0.0,7.5,0.0,-
2025-03-22 14:22:02,0.0,0.0,7.5,0.0,-
2025-03-22 14:22:02,0.0,0.0,7.5,0.0,-
2025-03-22 14:22:02,0.0,0.0,7.5,0.0,-
2025-03-22 14:22:03,0.0,0.0,7.5,0.0,-
2025-03-22 14:22:03,0.0,0.0,7.5,0.0,-
2025-03-22 14:22:03,0.0,0.0,7.5,0.0,-
2025-03-22 14:22:03,0.0,0.0,7.5,0.0,-
2025-03-22 14:22:04,0.0,0.0,7.5,0.0,-
2025-03-22 14:22:04,0.0,0.0,7.5,0.0,-
2025-03-22 14:22:04,0.0,0.0,7.5,0.0,-
2025-03-22 14:22:05,0.0,0.0,7.5,0.0,-
2025-03-22 14:22:05,0.0,0.0,7.5,0.0,-
2025-03-22 14:22:05,0.0,0.0,7.5,0.0,-
2025-03-22 14:22:05,0.0,0.0,7.5,0.0,-
2025-03-22 14:22:06,0.0,0.0,7.5,0.0,-
2025-03-22 14:22:06,0.0,0.0,7.5,0.0,-
2025-03-22 14:22:06,0.0,0.0,7.5,0.0,-
2025-03-22 14:22:06,0.0,0.0,7.5,0.0,-
2025-03-22 14:22:06,0.0,0.0,7.5,0.0,-
2025-03-22 14:22:07,0.0,0.0,7.5,0.0,-
2025-03-22 14:22:07,0.0,0.0,7.5,0.0,-
2025-03-22 14:22:07,0.0,0.0,7.5,0.0,-
2025-03-22 14:22:08,0.0,0.0,7.5,0.0,-
2025-03-22 14:22:08,0.0,0.0,7.5,0.0,-
2025-03-22 14:22:08,0.0,0.0,7.5,0.0,-
2025-03-22 14:22:08,0.0,0.0,7.5,0.0,-
2025-03-22 14:22:09,0.0,0.0,7.5,0.0,-
2025-03-22 14:22:09,0.0,0.0,7.5,0.0,-
2025-03-22 14:22:09,0.0,0.0,7.5,0.0,-
2025-03-22 14:22:09,0.0,0.0,7.5,0.0,-
2025-03-22 14:22:09,0.0,0.0,7.5,0.0,-
2025-03-22 14:22:10,0.0,0.0,7.5,0.0,-
2025-03-22 14:22:10,0.0,0.0,7.5,0.0,-
2025-03-22 14:22:10,0.0,0.0,7.5,0.0,-
2025-03-22 14:22:10,0.0,0.0,7.5,0.0,-
2025-03-22 14:22:11,0.0,0.0,7.5,0.0,-
2025-03-22 14:22:11,0.0,0.0,7.5,0.0,-
2025-03-22 14:22:11,0.0,0.0,7.5,0.0,-
2025-03-22 14:22:11,0.0,0.0,7.5,0.0,-
2025-03-22 14:22:12,0.0,0.0,7.5,0.0,-
2025-03-22 14:22:12,0.0,0.0,7.5,0.0,-
2025-03-22 14:22:12,0.0,0.0,7.5,0.0,-
2025-03-22 14:22:13,0.0,0.0,7.5,0.0,-
2025-03-22 14:22:13,0.0,0.0,7.5,0.0,-
2025-03-22 14:22:13,0.0,0.0,7.5,0.0,-
2025-03-22 14:22:13,0.0,0.0,7.5,0.0,-
2025-03-22 14:22:14,0.0,0.0,7.5,0.0,-
2025-03-22 14:22:14,0.0,0.0,7.5,0.0,-
2025-03-22 14:22:14,0.0,0.0,7.5,0.0,-
2025-03-22 14:22:14,0.0,0.0,7.5,0.0,-
2025-03-22 14:22:15,0.0,0.0,7.5,0.0,-
2025-03-22 14:22:15,0.0,0.0,7.5,0.0,-
2025-03-22 14:22:15,0.0,0.0,7.5,0.0,-
2025-03-22 14:22:15,0.0,0.0,7.5,0.0,-
2025-03-22 14:22:16,0.0,0.0,7.5,0.0,-
2025-03-22 14:22:16,0.0,0.0,7.5,0.0,-
2025-03-22 14:22:16,0.0,0.0,7.5,0.0,-
2025-03-22 14:22:16,0.0,0.0,7.5,0.0,-
2025-03-22 14:22:17,0.0,0.0,7.5,0.0,-
2025-03-22 14:22:17,0.0,0.0,7.5,0.0,-
2025-03-22 14:22:17,0.0,0.0,7.5,0.0,-
2025-03-22 14:22:17,0.0,0.0,7.5,0.0,-
2025-03-22 14:22:18,0.0,0.0,7.5,0.0,-
2025-03-22 14:22:18,0.0,0.0,7.5,0.0,-
2025-03-22 14:22:18,0.0,0.0,7.5,0.0,-
2025-03-22 14:22:19,0.0,0.0,7.5,0.0,-
2025-03-22 14:22:19,0.0,0.0,7.5,0.0,-
2025-03-22 14:22:19,0.0,0.0,7.5,0.0,-
2025-03-22 14:22:20,0.0,0.0,7.5,0.0,-
2025-03-22 14:22:20,0.0,0.0,7.5,0.0,-
2025-03-22 14:22:20,0.0,0.0,7.5,0.0,-
2025-03-22 14:22:20,0.0,0.0,7.5,0.0,-
2025-03-22 14:22:21,0.0,0.0,7.5,0.0,-
2025-03-22 14:22:21,0.0,0.0,7.5,0.0,-
2025-03-22 14:22:21,0.0,0.0,7.5,0.0,-
2025-03-22 14:22:22,0.0,0.0,7.5,0.0,-
2025-03-22 14:22:22,0.1,0.0,7.5,0.0,-
2025-03-22 14:22:22,0.0,0.0,7.5,0.0,-
2025-03-22 14:22:22,0.0,0.0,7.5,0.0,-
2025-03-22 14:22:22,0.0,0.0,7.5,0.0,-
2025-03-22 14:22:23,0.0,0.0,7.5,0.0,-
2025-03-22 14:22:23,0.0,0.0,7.5,0.0,-
2025-03-22 14:22:23,0.0,0.0,7.5,0.0,-
2025-03-22 14:22:23,0.0,0.0,7.5,0.0,-
2025-03-22 14:22:24,0.0,0.0,7.5,0.0,-
2025-03-22 14:22:24,0.0,0.0,7.5,0.0,-
2025-03-22 14:22:24,0.0,0.0,7.5,0.0,-
2025-03-22 14:22:25,0.0,0.0,7.5,0.0,-
2025-03-22 14:22:25,0.0,0.0,7.5,0.0,-
2025-03-22 14:22:25,0.0,0.0,7.5,0.0,-
2025-03-22 14:22:25,0.0,0.0,7.5,0.0,-
2025-03-22 14:22:26,0.0,0.0,7.5,0.0,-
2025-03-22 14:22:26,0.0,0.0,7.5,0.0,-
2025-03-22 14:22:26,0.0,0.0,7.5,0.0,-
2025-03-22 14:22:26,0.0,0.0,7.5,0.0,-
2025-03-22 14:22:26,0.0,0.0,7.5,0.0,-
2025-03-22 14:22:27,0.0,0.0,7.5,0.0,-
2025-03-22 14:22:27,0.0,0.0,7.5,0.0,-
2025-03-22 14:22:27,0.0,0.0,7.5,0.0,-
2025-03-22 14:22:27,0.0,0.0,7.5,0.0,-
2025-03-22 14:22:28,0.0,0.0,7.5,0.0,-
2025-03-22 14:22:28,0.0,0.0,7.5,0.0,-
2025-03-22 14:22:28,0.0,0.0,7.5,0.0,-
2025-03-22 14:22:29,0.0,0.0,7.5,0.0,-
2025-03-22 14:22:29,0.0,0.0,7.5,0.0,-
2025-03-22 14:22:29,0.0,0.0,7.5,0.0,-
2025-03-22 14:22:29,0.0,0.0,7.5,0.0,-
2025-03-22 14:22:30,0.0,0.0,7.5,0.0,-
2025-03-22 14:22:30,0.0,0.0,7.5,0.0,-
2025-03-22 14:22:30,0.0,0.0,7.5,0.0,-
2025-03-22 14:22:30,0.0,0.0,7.5,0.0,-
2025-03-22 14:22:31,0.0,0.0,7.5,0.0,-
2025-03-22 14:22:31,0.0,0.0,7.5,0.0,-
2025-03-22 14:22:31,0.0,0.0,7.5,0.0,-
2025-03-22 14:22:31,0.0,0.0,7.5,0.0,-
2025-03-22 14:22:31,0.0,0.0,7.5,0.0,-
2025-03-22 14:22:32,0.0,0.0,7.5,0.0,-
2025-03-22 14:22:32,0.0,0.0,7.5,0.0,-
2025-03-22 14:22:32,0.0,0.0,7.5,0.0,-
2025-03-22 14:22:32,0.0,0.0,7.5,0.0,-
2025-03-22 14:22:33,0.0,0.0,7.5,0.0,-
2025-03-22 14:22:33,0.0,0.0,7.5,0.0,-
2025-03-22 14:22:33,0.0,0.0,7.5,0.0,-
2025-03-22 14:22:34,0.0,0.0,7.5,0.0,-
2025-03-22 14:22:34,0.6,0.0,7.5,0.0,-
2025-03-22 14:22:34,0.2,0.0,7.5,0.0,-
2025-03-22 14:22:35,0.0,0.0,7.5,0.0,-
2025-03-22 14:22:35,0.5,0.0,7.5,0.0,-
2025-03-22 14:22:36,0.0,0.0,7.5,0.0,-
2025-03-22 14:22:36,0.0,0.0,7.5,0.0,-
2025-03-22 14:22:36,0.0,0.0,7.5,0.0,-
2025-03-22 14:22:36,0.0,0.0,7.5,0.0,-
2025-03-22 14:22:37,0.0,0.0,7.5,0.0,-
2025-03-22 14:22:37,0.0,0.0,7.5,0.0,-
2025-03-22 14:22:37,0.0,0.0,7.5,0.0,-
2025-03-22 14:22:37,0.0,0.0,7.5,0.0,-
2025-03-22 14:22:38,0.0,0.0,7.5,0.0,-
2025-03-22 14:22:38,0.0,0.0,7.5,0.0,-
2025-03-22 14:22:38,0.0,0.0,7.5,0.0,-
2025-03-22 14:22:38,0.0,0.0,7.5,0.0,-
2025-03-22 14:22:39,0.0,0.0,7.5,0.0,-
2025-03-22 14:22:39,0.0,0.0,7.5,0.0,-
2025-03-22 14:22:39,0.0,0.0,7.5,0.0,-
2025-03-22 14:22:39,0.0,0.0,7.5,0.0,-
2025-03-22 14:22:40,0.0,0.0,7.5,0.0,-
2025-03-22 14:22:40,0.0,0.0,7.5,0.0,-
2025-03-22 14:22:40,0.0,0.0,7.5,0.0,-
2025-03-22 14:22:40,0.0,0.0,7.5,0.0,-
2025-03-22 14:22:41,0.0,0.0,7.5,0.0,-
2025-03-22 14:22:41,0.0,0.0,7.5,0.0,-
2025-03-22 14:22:41,0.0,0.0,7.5,0.0,-
2025-03-22 14:22:42,0.0,0.0,7.5,0.0,-
2025-03-22 14:22:42,0.0,0.0,7.5,0.0,-
2025-03-22 14:22:42,0.0,0.0,7.5,0.0,-
2025-03-22 14:22:42,0.1,0.0,7.5,0.0,-
2025-03-22 14:22:43,0.0,0.0,7.5,0.0,-
2025-03-22 14:22:43,0.0,0.0,7.5,0.0,-
2025-03-22 14:22:44,0.0,0.0,7.5,0.0,-
2025-03-22 14:22:44,0.0,0.0,7.5,0.0,-
2025-03-22 14:22:44,0.0,0.0,7.5,0.0,-
2025-03-22 14:22:45,0.0,0.0,7.5,0.0,-
2025-03-22 14:22:45,0.0,0.0,7.5,0.0,-
2025-03-22 14:22:45,0.0,0.0,7.5,0.0,-
2025-03-22 14:22:46,0.0,0.0,7.5,0.0,-
2025-03-22 14:22:46,0.0,0.0,7.5,0.0,-
2025-03-22 14:22:46,0.0,0.0,7.5,0.0,-
2025-03-22 14:22:47,0.0,0.0,7.5,0.0,-
2025-03-22 14:22:47,0.0,0.0,7.5,0.0,-
2025-03-22 14:22:47,0.0,0.0,7.5,0.0,-
2025-03-22 14:22:48,0.0,0.0,7.5,0.0,-
2025-03-22 14:22:48,0.0,0.0,7.5,0.0,-
2025-03-22 14:22:48,0.0,0.0,7.5,0.0,-
2025-03-22 14:22:48,0.0,0.0,7.5,0.0,-
2025-03-22 14:22:49,0.0,0.0,7.5,0.0,-
2025-03-22 14:22:50,0.0,0.0,7.5,0.0,-
2025-03-22 14:22:50,0.0,0.0,7.5,0.0,-
2025-03-22 14:22:50,0.0,0.0,7.5,0.0,-
2025-03-22 14:22:50,0.0,0.0,7.5,0.0,-
2025-03-22 14:22:51,0.0,0.0,7.5,0.0,-
2025-03-22 14:22:51,0.0,0.0,7.5,0.0,-
2025-03-22 14:22:51,0.0,0.0,7.5,0.0,-
2025-03-22 14:22:51,0.0,0.0,7.5,0.0,-
2025-03-22 14:22:51,0.0,0.0,7.5,0.0,-
2025-03-22 14:22:52,0.0,0.0,7.5,0.0,-
2025-03-22 14:22:52,0.0,0.0,7.5,0.0,-
2025-03-22 14:22:52,0.0,0.0,7.5,0.0,-
2025-03-22 14:22:52,0.0,0.0,7.5,0.0,-
2025-03-22 14:22:53,0.0,0.0,7.5,0.0,-
2025-03-22 14:22:53,0.0,0.0,7.5,0.0,-
2025-03-22 14:22:53,0.0,0.0,7.5,0.0,-
2025-03-22 14:22:53,0.0,0.0,7.5,0.0,-
2025-03-22 14:22:54,0.0,0.0,7.5,0.0,-
2025-03-22 14:22:54,0.0,0.0,7.5,0.0,-
2025-03-22 14:22:54,0.0,0.0,7.5,0.0,-
2025-03-22 14:22:54,0.0,0.0,7.5,0.0,-
2025-03-22 14:22:55,0.0,0.0,7.5,0.0,-
2025-03-22 14:22:55,0.0,0.0,7.5,0.0,-
2025-03-22 14:22:55,0.0,0.0,7.5,0.0,-
2025-03-22 14:22:56,0.0,0.0,7.5,0.0,-
2025-03-22 14:22:56,0.0,0.0,7.5,0.0,-
2025-03-22 14:22:56,0.0,0.0,7.5,0.0,-
2025-03-22 14:22:56,0.0,0.0,7.5,0.0,-
2025-03-22 14:22:56,0.0,0.0,7.5,0.0,-
2025-03-22 14:22:57,0.0,0.0,7.5,0.0,-
2025-03-22 14:22:57,0.0,0.0,7.5,0.0,-
2025-03-22 14:22:57,0.0,0.0,7.5,0.0,-
2025-03-22 14:22:57,0.0,0.0,7.5,0.0,-
2025-03-22 14:22:58,0.0,0.0,7.5,0.0,-
2025-03-22 14:22:58,0.0,0.0,7.5,0.0,-
2025-03-22 14:22:58,0.0,0.0,7.5,0.0,-
2025-03-22 14:22:58,0.0,0.0,7.5,0.0,-
2025-03-22 14:22:59,0.0,0.0,7.5,0.0,-
2025-03-22 14:22:59,0.0,0.0,7.5,0.0,-
2025-03-22 14:22:59,0.0,0.0,7.5,0.0,-
2025-03-22 14:23:00,0.0,0.0,7.5,0.0,-
2025-03-22 14:23:00,0.0,0.0,7.5,0.0,-
2025-03-22 14:23:00,0.0,0.0,7.5,0.0,-
2025-03-22 14:23:01,0.0,0.0,7.5,0.0,-
2025-03-22 14:23:01,0.0,0.0,7.5,0.0,-
2025-03-22 14:23:01,0.0,0.0,7.5,0.0,-
2025-03-22 14:23:02,0.0,0.0,7.5,0.0,-
2025-03-22 14:23:02,0.0,0.0,7.5,0.0,-
2025-03-22 14:23:02,0.0,0.0,7.5,0.0,-
2025-03-22 14:23:03,0.0,0.0,7.5,0.0,-
2025-03-22 14:23:03,0.0,0.0,7.5,0.0,-
2025-03-22 14:23:03,0.0,0.0,7.5,0.0,-
2025-03-22 14:23:03,0.0,0.0,7.5,0.0,-
2025-03-22 14:23:04,0.0,0.0,7.5,0.0,-
2025-03-22 14:23:04,0.0,0.0,7.5,0.0,-
2025-03-22 14:23:05,0.0,0.0,7.5,0.0,-
2025-03-22 14:23:05,0.0,0.0,7.5,0.0,-
2025-03-22 14:23:05,0.0,0.0,7.5,0.0,-
2025-03-22 14:23:05,0.0,0.0,7.5,0.0,-
2025-03-22 14:23:06,0.0,0.0,7.5,0.0,-
2025-03-22 14:23:06,0.0,0.0,7.5,0.0,-
2025-03-22 14:23:06,0.0,0.0,7.5,0.0,-
2025-03-22 14:23:06,0.0,0.0,7.5,0.0,-
2025-03-22 14:23:07,0.0,0.0,7.5,0.0,-
2025-03-22 14:23:07,0.0,0.0,7.5,0.0,-
2025-03-22 14:23:07,0.0,0.0,7.5,0.0,-
2025-03-22 14:23:07,0.0,0.0,7.5,0.0,-
2025-03-22 14:23:07,0.0,0.0,7.5,0.0,-
2025-03-22 14:23:08,0.0,0.0,7.5,0.0,-
2025-03-22 14:23:08,0.0,0.0,7.5,0.0,-
2025-03-22 14:23:09,0.0,0.0,7.5,0.0,-
2025-03-22 14:23:09,0.0,0.0,7.5,0.0,-
2025-03-22 14:23:09,0.0,0.0,7.5,0.0,-
2025-03-22 14:23:10,0.0,0.0,7.5,0.0,-
2025-03-22 14:23:10,0.0,0.0,7.5,0.0,-
2025-03-22 14:23:10,0.0,0.0,7.5,0.0,-
2025-03-22 14:23:10,0.0,0.0,7.5,0.0,-
2025-03-22 14:23:11,0.0,0.0,7.5,0.0,-
2025-03-22 14:23:11,0.0,0.0,7.5,0.0,-
2025-03-22 14:23:11,0.0,0.0,7.5,0.0,-
2025-03-22 14:23:11,0.0,0.0,7.5,0.0,-
2025-03-22 14:23:12,0.0,0.0,7.5,0.0,-
2025-03-22 14:23:12,0.0,0.0,7.5,0.0,-
2025-03-22 14:23:12,0.0,0.0,7.5,0.0,-
2025-03-22 14:23:13,0.0,0.0,7.5,0.0,-
2025-03-22 14:23:13,0.0,0.0,7.5,0.0,-
2025-03-22 14:23:13,0.0,0.0,7.5,0.0,-
2025-03-22 14:23:13,0.0,0.0,7.5,0.0,-
2025-03-22 14:23:14,0.0,0.0,7.5,0.0,-
2025-03-22 14:23:14,0.0,0.0,7.5,0.0,-
2025-03-22 14:23:14,0.0,0.0,7.5,0.0,-
2025-03-22 14:23:14,0.0,0.0,7.5,0.0,-
2025-03-22 14:23:15,0.0,0.0,7.5,0.0,-
2025-03-22 14:23:15,0.0,0.0,7.5,0.0,-
2025-03-22 14:23:15,0.0,0.0,7.5,0.0,-
2025-03-22 14:23:16,0.0,0.0,7.5,0.0,-
2025-03-22 14:23:16,0.0,0.0,7.5,0.0,-
2025-03-22 14:23:16,0.0,0.0,7.5,0.0,-
2025-03-22 14:23:16,0.0,0.0,7.5,0.0,-
2025-03-22 14:23:17,0.0,0.0,7.5,0.0,-
2025-03-22 14:23:17,0.0,0.0,7.5,0.0,-
2025-03-22 14:23:17,0.0,0.0,7.5,0.0,-
2025-03-22 14:23:17,0.0,0.0,7.5,0.0,-
2025-03-22 14:23:18,0.0,0.0,7.5,0.0,-
2025-03-22 14:23:18,0.0,0.0,7.5,0.0,-
2025-03-22 14:23:18,0.0,0.0,7.5,0.0,-
2025-03-22 14:23:19,0.0,0.0,7.5,0.0,-
2025-03-22 14:23:20,0.0,0.0,7.5,0.0,-
2025-03-22 14:23:20,0.0,0.0,7.5,0.0,-
2025-03-22 14:23:21,0.0,0.0,7.5,0.0,-
2025-03-22 14:23:21,0.0,0.0,7.5,0.0,-
2025-03-22 14:23:21,0.0,0.0,7.5,0.0,-
2025-03-22 14:23:21,0.0,0.0,7.5,0.0,-
2025-03-22 14:23:22,0.0,0.0,7.5,0.0,-
2025-03-22 14:23:22,0.0,0.0,7.5,0.0,-
2025-03-22 14:23:23,0.0,0.0,7.5,0.0,-
2025-03-22 14:23:23,0.0,0.0,7.5,0.0,-
2025-03-22 14:23:23,0.0,0.0,7.5,0.0,-
2025-03-22 14:23:23,0.0,0.0,7.5,0.0,-
2025-03-22 14:23:24,0.0,0.0,7.5,0.0,-
2025-03-22 14:23:24,0.0,0.0,7.5,0.0,-
2025-03-22 14:23:24,0.0,0.0,7.5,0.0,-
2025-03-22 14:23:24,0.0,0.0,7.5,0.0,-
2025-03-22 14:23:25,0.0,0.0,7.5,0.0,-
2025-03-22 14:23:25,0.0,0.0,7.5,0.0,-
2025-03-22 14:23:25,0.0,0.0,7.5,0.0,-
2025-03-22 14:23:25,0.0,0.0,7.5,0.0,-
2025-03-22 14:23:26,0.0,0.0,7.5,0.0,-
2025-03-22 14:23:26,0.0,0.0,7.5,0.0,-
2025-03-22 14:23:26,0.0,0.0,7.5,0.0,-
2025-03-22 14:23:26,0.0,0.0,7.5,0.0,-
2025-03-22 14:23:26,0.0,0.0,7.5,0.0,-
2025-03-22 14:23:27,0.0,0.0,7.5,0.0,-
2025-03-22 14:23:27,0.0,0.0,7.5,0.0,-
2025-03-22 14:23:27,0.0,0.0,7.5,0.0,-
2025-03-22 14:23:28,0.0,0.0,7.5,0.0,-
2025-03-22 14:23:28,0.0,0.0,7.5,0.0,-
2025-03-22 14:23:28,0.0,0.0,7.5,0.0,-
2025-03-22 14:23:28,0.0,0.0,7.5,0.0,-
2025-03-22 14:23:29,0.0,0.0,7.5,0.0,-
2025-03-22 14:23:29,0.0,0.0,7.5,0.0,-
2025-03-22 14:23:29,0.0,0.0,7.5,0.0,-
2025-03-22 14:23:29,0.0,0.0,7.5,0.0,-
2025-03-22 14:23:30,0.0,0.0,7.5,0.0,-
2025-03-22 14:23:30,0.0,0.0,7.5,0.0,-
2025-03-22 14:23:30,0.0,0.0,7.5,0.0,-
2025-03-22 14:23:31,0.0,0.0,7.5,0.0,-
2025-03-22 14:23:31,0.0,0.0,7.5,0.0,-
2025-03-22 14:23:31,0.0,0.0,7.5,0.0,-
2025-03-22 14:23:31,0.0,0.0,7.5,0.0,-
2025-03-22 14:23:32,0.0,0.0,7.5,0.0,-
2025-03-22 14:23:32,0.0,0.0,7.5,0.0,-
2025-03-22 14:23:32,0.0,0.0,7.5,0.0,-
2025-03-22 14:23:33,0.0,0.0,7.5,0.0,-
2025-03-22 14:23:33,0.0,0.0,7.5,0.0,-
2025-03-22 14:23:33,0.0,0.0,7.5,0.0,-
2025-03-22 14:23:33,0.0,0.0,7.5,0.0,-
2025-03-22 14:23:33,0.0,0.0,7.5,0.0,-
2025-03-22 14:23:34,0.0,0.0,7.5,0.0,-
2025-03-22 14:23:34,0.0,0.0,7.5,0.0,-
2025-03-22 14:23:35,0.0,0.0,7.5,0.0,-
2025-03-22 14:23:35,0.0,0.0,7.5,0.0,-
2025-03-22 14:23:35,0.0,0.0,7.5,0.0,-
2025-03-22 14:23:35,0.0,0.0,7.5,0.0,-
2025-03-22 14:23:36,0.0,0.0,7.5,0.0,-
2025-03-22 14:23:36,0.0,0.0,7.5,0.0,-
2025-03-22 14:23:36,0.0,0.0,7.5,0.0,-
2025-03-22 14:23:36,0.0,0.0,7.5,0.0,-
2025-03-22 14:23:37,0.0,0.0,7.5,0.0,-
2025-03-22 14:23:37,0.0,0.0,7.5,0.0,-
2025-03-22 14:23:37,0.0,0.0,7.5,0.0,-
2025-03-22 14:23:37,0.0,0.0,7.5,0.0,-
2025-03-22 14:23:38,0.0,0.0,7.5,0.0,-
2025-03-22 14:23:38,0.0,0.0,7.5,0.0,-
2025-03-22 14:23:38,0.0,0.0,7.5,0.0,-
2025-03-22 14:23:39,0.0,0.0,7.5,0.0,-
2025-03-22 14:23:39,0.0,0.0,7.5,0.0,-
2025-03-22 14:23:39,0.0,0.0,7.5,0.0,-
2025-03-22 14:23:39,0.0,0.0,7.5,0.0,-
2025-03-22 14:23:40,0.0,0.0,7.5,0.0,-
2025-03-22 14:23:40,0.0,0.0,7.5,0.0,-
2025-03-22 14:23:40,0.0,0.0,7.5,0.0,-
2025-03-22 14:23:40,0.0,0.0,7.5,0.0,-
2025-03-22 14:23:40,0.0,0.0,7.5,0.0,-
2025-03-22 14:23:41,0.0,0.0,7.5,0.0,-
2025-03-22 14:23:41,0.0,0.0,7.5,0.0,-
2025-03-22 14:23:41,0.0,0.0,7.5,0.0,-
2025-03-22 14:23:41,0.0,0.0,7.5,0.0,-
2025-03-22 14:23:42,0.0,0.0,7.5,0.0,-
2025-03-22 14:23:42,0.0,0.0,7.5,0.0,-
2025-03-22 14:23:42,0.0,0.0,7.5,0.0,-
2025-03-22 14:23:42,0.0,0.0,7.5,0.0,-
2025-03-22 14:23:43,0.0,0.0,7.5,0.0,-
2025-03-22 14:23:43,0.0,0.0,7.5,0.0,-
2025-03-22 14:23:43,0.0,0.0,7.5,0.0,-
2025-03-22 14:23:43,0.0,0.0,7.5,0.0,-
2025-03-22 14:23:44,0.0,0.0,7.5,0.0,-
2025-03-22 14:23:44,0.0,0.0,7.5,0.0,-
2025-03-22 14:23:44,0.0,0.0,7.5,0.0,-
2025-03-22 14:23:44,0.0,0.0,7.5,0.0,-
2025-03-22 14:23:45,0.0,0.0,7.5,0.0,-
2025-03-22 14:23:45,0.0,0.0,7.5,0.0,-
2025-03-22 14:23:45,0.0,0.0,7.5,0.0,-
2025-03-22 14:23:46,0.0,0.0,7.5,0.0,-
2025-03-22 14:23:46,0.0,0.0,7.5,0.0,-
2025-03-22 14:23:46,0.0,0.0,7.5,0.0,-
2025-03-22 14:23:46,0.0,0.0,7.5,0.0,-
2025-03-22 14:23:47,0.0,0.0,7.5,0.0,-
2025-03-22 14:23:47,0.0,0.0,7.5,0.0,-
2025-03-22 14:23:47,0.0,0.0,7.5,0.0,-
2025-03-22 14:23:47,0.0,0.0,7.5,0.0,-
2025-03-22 14:23:47,0.0,0.0,7.5,0.0,-
2025-03-22 14:23:48,0.0,0.0,7.5,0.0,-
2025-03-22 14:23:48,0.0,0.0,7.5,0.0,-
2025-03-22 14:23:48,0.0,0.0,7.5,0.0,-
2025-03-22 14:23:49,0.0,0.0,7.5,0.0,-
2025-03-22 14:23:49,0.0,0.0,7.5,0.0,-
2025-03-22 14:23:49,0.0,0.0,7.5,0.0,-
2025-03-22 14:23:50,0.0,0.0,7.5,0.0,-
2025-03-22 14:23:50,0.0,0.0,7.5,0.0,-
2025-03-22 14:23:50,0.0,0.0,7.5,0.0,-
2025-03-22 14:23:50,0.0,0.0,7.5,0.0,-
2025-03-22 14:23:51,0.0,0.0,7.5,0.0,-
2025-03-22 14:23:51,0.0,0.0,7.5,0.0,-
2025-03-22 14:23:51,0.0,0.0,7.5,0.0,-
2025-03-22 14:23:51,0.0,0.0,7.5,0.0,-
2025-03-22 14:23:51,0.0,0.0,7.5,0.0,-
2025-03-22 14:23:52,0.0,0.0,7.5,0.0,-
2025-03-22 14:23:52,0.0,0.0,7.5,0.0,-
2025-03-22 14:23:53,0.0,0.0,7.5,0.0,-
2025-03-22 14:23:53,0.0,0.0,7.5,0.0,-
2025-03-22 14:23:53,0.0,0.0,7.5,0.0,-
2025-03-22 14:23:53,0.0,0.0,7.5,0.0,-
2025-03-22 14:23:54,0.0,0.0,7.5,0.0,-
2025-03-22 14:23:54,0.0,0.0,7.5,0.0,-
2025-03-22 14:23:54,0.0,0.0,7.5,0.0,-
2025-03-22 14:23:54,0.0,0.0,7.5,0.0,-
2025-03-22 14:23:55,0.0,0.0,7.5,0.0,-
2025-03-22 14:23:55,0.0,0.0,7.5,0.0,-
2025-03-22 14:23:55,0.0,0.0,7.5,0.0,-
2025-03-22 14:23:55,0.0,0.0,7.5,0.0,-
2025-03-22 14:23:56,0.0,0.0,7.5,0.0,-
2025-03-22 14:23:56,0.0,0.0,7.5,0.0,-
2025-03-22 14:23:56,0.0,0.0,7.5,0.0,-
2025-03-22 14:23:56,0.0,0.0,7.5,0.0,-
2025-03-22 14:23:56,0.0,0.0,7.5,0.0,-
2025-03-22 14:23:57,0.0,0.0,7.5,0.0,-
2025-03-22 14:23:57,0.0,0.0,7.5,0.0,-
2025-03-22 14:23:57,0.0,0.0,7.5,0.0,-
2025-03-22 14:23:57,0.0,0.0,7.5,0.0,-
2025-03-22 14:23:58,0.0,0.0,7.5,0.0,-
2025-03-22 14:23:58,0.0,0.0,7.5,0.0,-
2025-03-22 14:23:58,0.0,0.0,7.5,0.0,-
2025-03-22 14:23:59,0.0,0.0,7.5,0.0,-
2025-03-22 14:23:59,0.0,0.0,7.5,0.0,-
2025-03-22 14:23:59,0.0,0.0,7.5,0.0,-
2025-03-22 14:24:00,0.0,0.0,7.5,0.0,-
2025-03-22 14:24:00,0.0,0.0,7.5,0.0,-
2025-03-22 14:24:00,0.0,0.0,7.5,0.0,-
2025-03-22 14:24:00,0.0,0.0,7.5,0.0,-
2025-03-22 14:24:01,0.0,0.0,7.5,0.0,-
2025-03-22 14:24:01,0.0,0.0,7.5,0.0,-
2025-03-22 14:24:01,0.0,0.0,7.5,0.0,-
2025-03-22 14:24:02,0.0,0.0,7.5,0.0,-
2025-03-22 14:24:02,0.0,0.0,7.5,0.0,-
2025-03-22 14:24:02,0.0,0.0,7.5,0.0,-
2025-03-22 14:24:03,0.0,0.0,7.5,0.0,-
2025-03-22 14:24:03,0.0,0.0,7.5,0.0,-
2025-03-22 14:24:03,0.0,0.0,7.5,0.0,-
2025-03-22 14:24:04,0.0,0.0,7.5,0.0,-
2025-03-22 14:24:05,0.0,0.0,7.5,0.0,-
2025-03-22 14:24:05,0.0,0.0,7.5,0.0,-
2025-03-22 14:24:05,0.0,0.0,7.5,0.0,-
2025-03-22 14:24:05,0.0,0.0,7.5,0.0,-
2025-03-22 14:24:06,0.0,0.0,7.5,0.0,-
2025-03-22 14:24:06,0.0,0.0,7.5,0.0,-
2025-03-22 14:24:06,0.0,0.0,7.5,0.0,-
2025-03-22 14:24:06,0.0,0.0,7.5,0.0,-
2025-03-22 14:24:07,0.0,0.0,7.5,0.0,-
2025-03-22 14:24:07,0.0,0.0,7.5,0.0,-
2025-03-22 14:24:08,0.0,0.0,7.5,0.0,-
2025-03-22 14:24:08,0.0,0.0,7.5,0.0,-
2025-03-22 14:24:08,0.0,0.0,7.5,0.0,-
2025-03-22 14:24:09,0.0,0.0,7.5,0.0,-
2025-03-22 14:24:09,0.0,0.0,7.5,0.0,-
2025-03-22 14:24:09,0.0,0.0,7.5,0.0,-
2025-03-22 14:24:09,0.0,0.0,7.5,0.0,-
2025-03-22 14:24:09,0.0,0.0,7.5,0.0,-
2025-03-22 14:24:10,0.0,0.0,7.5,0.0,-
2025-03-22 14:24:10,0.0,0.0,7.5,0.0,-
2025-03-22 14:24:10,0.0,0.0,7.5,0.0,-
2025-03-22 14:24:10,0.0,0.0,7.5,0.0,-
2025-03-22 14:24:11,0.0,0.0,7.5,0.0,-
2025-03-22 14:24:11,0.0,0.0,7.5,0.0,-
2025-03-22 14:24:11,0.0,0.0,7.5,0.0,-
2025-03-22 14:24:11,0.0,0.0,7.5,0.0,-
2025-03-22 14:24:12,0.0,0.0,7.5,0.0,-
2025-03-22 14:24:12,0.0,0.0,7.5,0.0,-
2025-03-22 14:24:12,0.0,0.0,7.5,0.0,-
2025-03-22 14:24:13,0.0,0.0,7.5,0.0,-
2025-03-22 14:24:13,0.0,0.0,7.5,0.0,-
2025-03-22 14:24:13,0.0,0.0,7.5,0.0,-
2025-03-22 14:24:13,0.0,0.0,7.5,0.0,-
2025-03-22 14:24:13,0.0,0.0,7.5,0.0,-
2025-03-22 14:24:14,0.0,0.0,7.5,0.0,-
2025-03-22 14:24:14,0.0,0.0,7.5,0.0,-
2025-03-22 14:24:14,0.0,0.0,7.5,0.0,-
2025-03-22 14:24:15,0.0,0.0,7.5,0.0,-
2025-03-22 14:24:15,0.0,0.0,7.5,0.0,-
2025-03-22 14:24:15,0.0,0.0,7.5,0.0,-
2025-03-22 14:24:16,0.0,0.0,7.5,0.0,-
2025-03-22 14:24:16,0.0,0.0,7.5,0.0,-
2025-03-22 14:24:16,0.0,0.0,7.5,0.0,-
2025-03-22 14:24:16,0.0,0.0,7.5,0.0,-
2025-03-22 14:24:16,0.0,0.0,7.5,0.0,-
2025-03-22 14:24:17,0.0,0.0,7.5,0.0,-
2025-03-22 14:24:17,0.0,0.0,7.5,0.0,-
2025-03-22 14:24:17,0.0,0.0,7.5,0.0,-
2025-03-22 14:24:18,0.0,0.0,7.5,0.0,-
2025-03-22 14:24:18,0.0,0.0,7.5,0.0,-
2025-03-22 14:24:18,0.0,0.0,7.5,0.0,-
2025-03-22 14:24:18,0.0,0.0,7.5,0.0,-
2025-03-22 14:24:19,0.0,0.0,7.5,0.0,-
2025-03-22 14:24:19,0.0,0.0,7.5,0.0,-
2025-03-22 14:24:19,0.0,0.0,7.5,0.0,-
2025-03-22 14:24:20,0.0,0.0,7.5,0.0,-
2025-03-22 14:24:20,0.0,0.0,7.5,0.0,-
2025-03-22 14:24:20,0.0,0.0,7.5,0.0,-
2025-03-22 14:24:20,0.0,0.0,7.5,0.0,-
2025-03-22 14:24:20,0.0,0.0,7.5,0.0,-
2025-03-22 14:24:21,0.0,0.0,7.5,0.0,-
2025-03-22 14:24:21,0.0,0.0,7.5,0.0,-
2025-03-22 14:24:21,0.0,0.0,7.5,0.0,-
2025-03-22 14:24:22,0.0,0.0,7.5,0.0,-
2025-03-22 14:24:22,0.0,0.0,7.5,0.0,-
2025-03-22 14:24:22,0.0,0.0,7.5,0.0,-
2025-03-22 14:24:22,0.0,0.0,7.5,0.0,-
2025-03-22 14:24:23,0.0,0.0,7.5,0.0,-
2025-03-22 14:24:23,0.0,0.0,7.5,0.0,-
2025-03-22 14:24:23,0.0,0.0,7.5,0.0,-
2025-03-22 14:24:23,0.0,0.0,7.5,0.0,-
2025-03-22 14:24:23,0.0,0.0,7.5,0.0,-
2025-03-22 14:24:24,0.0,0.0,7.5,0.0,-
2025-03-22 14:24:24,0.0,0.0,7.5,0.0,-
2025-03-22 14:24:24,0.0,0.0,7.5,0.0,-
2025-03-22 14:24:24,0.0,0.0,7.5,0.0,-
2025-03-22 14:24:25,0.0,0.0,7.5,0.0,-
2025-03-22 14:24:25,0.0,0.0,7.5,0.0,-
2025-03-22 14:24:25,0.0,0.0,7.5,0.0,-
2025-03-22 14:24:25,0.0,0.0,7.5,0.0,-
2025-03-22 14:24:26,0.0,0.0,7.5,0.0,-
2025-03-22 14:24:26,0.0,0.0,7.5,0.0,-
2025-03-22 14:24:26,0.0,0.0,7.5,0.0,-
2025-03-22 14:24:26,0.0,0.0,7.5,0.0,-
2025-03-22 14:24:27,0.0,0.0,7.5,0.0,-
2025-03-22 14:24:27,0.0,0.0,7.5,0.0,-
2025-03-22 14:24:27,0.0,0.0,7.5,0.0,-
2025-03-22 14:24:27,0.0,0.0,7.5,0.0,-
2025-03-22 14:24:28,0.0,0.0,7.5,0.0,-
2025-03-22 14:24:28,0.0,0.0,7.5,0.0,-
2025-03-22 14:24:28,0.0,0.0,7.5,0.0,-
2025-03-22 14:24:28,0.0,0.0,7.5,0.0,-
2025-03-22 14:24:29,0.0,0.0,7.5,0.0,-
2025-03-22 14:24:29,0.0,0.0,7.5,0.0,-
2025-03-22 14:24:29,0.0,0.0,7.5,0.0,-
2025-03-22 14:24:30,0.0,0.0,7.5,0.0,-
2025-03-22 14:24:31,0.0,0.0,7.5,0.0,-
2025-03-22 14:24:31,0.0,0.0,7.5,0.0,-
2025-03-22 14:24:31,0.0,0.0,7.5,0.0,-
2025-03-22 14:24:32,0.0,0.0,7.5,0.0,-
2025-03-22 14:24:32,0.0,0.0,7.5,0.0,-
2025-03-22 14:24:32,0.0,0.0,7.5,0.0,-
2025-03-22 14:24:32,0.0,0.0,7.5,0.0,-
2025-03-22 14:24:32,0.0,0.0,7.5,0.0,-
2025-03-22 14:24:33,0.0,0.0,7.5,0.0,-
2025-03-22 14:24:33,0.0,0.0,7.5,0.0,-
2025-03-22 14:24:33,0.0,0.0,7.5,0.0,-
2025-03-22 14:24:33,0.0,0.0,7.5,0.0,-
2025-03-22 14:24:34,0.0,0.0,7.5,0.0,-
2025-03-22 14:24:34,0.0,0.0,7.5,0.0,-
2025-03-22 14:24:35,0.0,0.0,7.5,0.0,-
2025-03-22 14:24:35,0.0,0.0,7.5,0.0,-
2025-03-22 14:24:35,0.0,0.0,7.5,0.0,-
2025-03-22 14:24:35,0.0,0.0,7.5,0.0,-
2025-03-22 14:24:36,0.0,0.0,7.5,0.0,-
2025-03-22 14:24:36,0.0,0.0,7.5,0.0,-
2025-03-22 14:24:36,0.0,0.0,7.5,0.0,-
2025-03-22 14:24:36,0.0,0.0,7.5,0.0,-
2025-03-22 14:24:37,0.0,0.0,7.5,0.0,-
2025-03-22 14:24:37,0.0,0.0,7.5,0.0,-
2025-03-22 14:24:37,0.0,0.0,7.5,0.0,-
2025-03-22 14:24:37,0.0,0.0,7.5,0.0,-
2025-03-22 14:24:37,0.0,0.0,7.5,0.0,-
2025-03-22 14:24:38,0.0,0.0,7.5,0.0,-
2025-03-22 14:24:38,0.0,0.0,7.5,0.0,-
2025-03-22 14:24:38,0.0,0.0,7.5,0.0,-
2025-03-22 14:24:38,0.0,0.0,7.5,0.0,-
2025-03-22 14:24:39,0.0,0.0,7.5,0.0,-
2025-03-22 14:24:39,0.0,0.0,7.5,0.0,-
2025-03-22 14:24:39,0.0,0.0,7.5,0.0,-
2025-03-22 14:24:40,0.0,0.0,7.5,0.0,-
2025-03-22 14:24:40,0.0,0.0,7.5,0.0,-
2025-03-22 14:24:40,0.0,0.0,7.5,0.0,-
2025-03-22 14:24:40,0.0,0.0,7.5,0.0,-
2025-03-22 14:24:41,0.0,0.0,7.5,0.0,-
2025-03-22 14:24:41,0.0,0.0,7.5,0.0,-
2025-03-22 14:24:41,0.0,0.0,7.5,0.0,-
2025-03-22 14:24:41,0.0,0.0,7.5,0.0,-
2025-03-22 14:24:42,0.0,0.0,7.5,0.0,-
2025-03-22 14:24:42,0.0,0.0,7.5,0.0,-
2025-03-22 14:24:43,0.0,0.0,7.5,0.0,-
2025-03-22 14:24:43,0.0,0.0,7.5,0.0,-
2025-03-22 14:24:43,0.0,0.0,7.5,0.0,-
2025-03-22 14:24:43,0.0,0.0,7.5,0.0,-
2025-03-22 14:24:44,0.0,0.0,7.5,0.0,-
2025-03-22 14:24:44,0.0,0.0,7.5,0.0,-
2025-03-22 14:24:44,0.0,0.0,7.5,0.0,-
2025-03-22 14:24:44,0.0,0.0,7.5,0.0,-
2025-03-22 14:24:45,0.0,0.0,7.5,0.0,-
2025-03-22 14:24:45,0.0,0.0,7.5,0.0,-
2025-03-22 14:24:45,0.0,0.0,7.5,0.0,-
2025-03-22 14:24:45,0.0,0.0,7.5,0.0,-
2025-03-22 14:24:46,0.0,0.0,7.5,0.0,-
2025-03-22 14:24:46,0.0,0.0,7.5,0.0,-
2025-03-22 14:24:46,0.0,0.0,7.5,0.0,-
2025-03-22 14:24:46,0.0,0.0,7.5,0.0,-
2025-03-22 14:24:47,0.0,0.0,7.5,0.0,-
2025-03-22 14:24:47,0.0,0.0,7.5,0.0,-
2025-03-22 14:24:47,0.0,0.0,7.5,0.0,-
2025-03-22 14:24:47,0.0,0.0,7.5,0.0,-
2025-03-22 14:24:48,0.0,0.0,7.5,0.0,-
2025-03-22 14:24:48,0.0,0.0,7.5,0.0,-
2025-03-22 14:24:48,0.0,0.0,7.5,0.0,-
2025-03-22 14:24:50,0.0,0.0,7.5,0.0,-
2025-03-22 14:24:50,0.0,0.0,7.5,0.0,-
2025-03-22 14:24:50,0.0,0.0,7.5,0.0,-
2025-03-22 14:24:50,0.0,0.0,7.5,0.0,-
2025-03-22 14:24:51,0.0,0.0,7.5,0.0,-
2025-03-22 14:24:51,0.0,0.0,7.5,0.0,-
2025-03-22 14:24:51,0.0,0.0,7.5,0.0,-
2025-03-22 14:24:51,0.0,0.0,7.5,0.0,-
2025-03-22 14:24:52,0.0,0.0,7.5,0.0,-
2025-03-22 14:24:52,0.0,0.0,7.5,0.0,-
2025-03-22 14:24:52,0.0,0.0,7.5,0.0,-
2025-03-22 14:24:53,0.0,0.0,7.5,0.0,-
2025-03-22 14:24:53,0.0,0.0,7.5,0.0,-
2025-03-22 14:24:53,0.0,0.0,7.5,0.0,-
2025-03-22 14:24:53,0.0,0.0,7.5,0.0,-
2025-03-22 14:24:53,0.0,0.0,7.5,0.0,-
2025-03-22 14:24:54,0.0,0.0,7.5,0.0,-
2025-03-22 14:24:54,0.0,0.0,7.5,0.0,-
2025-03-22 14:24:54,0.0,0.0,7.5,0.0,-
2025-03-22 14:24:54,0.0,0.0,7.5,0.0,-
2025-03-22 14:24:55,0.0,0.0,7.5,0.0,-
2025-03-22 14:24:55,0.0,0.0,7.5,0.0,-
2025-03-22 14:24:55,0.0,0.0,7.5,0.0,-
2025-03-22 14:24:56,0.0,0.0,7.5,0.0,-
2025-03-22 14:24:56,0.0,0.0,7.5,0.0,-
2025-03-22 14:24:56,0.0,0.0,7.5,0.0,-
2025-03-22 14:24:56,0.0,0.0,7.5,0.0,-
2025-03-22 14:24:56,0.0,0.0,7.5,0.0,-
2025-03-22 14:24:57,0.0,0.0,7.5,0.0,-
2025-03-22 14:24:57,0.0,0.0,7.5,0.0,-
2025-03-22 14:24:57,0.0,0.0,7.5,0.0,-
2025-03-22 14:24:58,0.0,0.0,7.5,0.0,-
2025-03-22 14:24:58,0.0,0.0,7.5,0.0,-
2025-03-22 14:24:58,0.0,0.0,7.5,0.0,-
2025-03-22 14:24:58,0.0,0.0,7.5,0.0,-
2025-03-22 14:24:59,0.0,0.0,7.5,0.0,-
2025-03-22 14:24:59,0.0,0.0,7.5,0.0,-
2025-03-22 14:24:59,0.0,0.0,7.5,0.0,-
2025-03-22 14:24:59,0.0,0.0,7.5,0.0,-
2025-03-22 14:25:00,0.0,0.0,7.5,0.0,-
2025-03-22 14:25:00,0.0,0.0,7.5,0.0,-
2025-03-22 14:25:00,0.0,0.0,7.5,0.0,-
2025-03-22 14:25:02,0.0,0.0,7.5,0.0,-
2025-03-22 14:25:02,0.0,0.0,7.5,0.0,-
2025-03-22 14:25:03,0.0,0.0,7.5,0.0,-
2025-03-22 14:25:04,0.0,0.0,7.5,0.0,-
2025-03-22 14:25:05,0.0,0.0,7.5,0.0,-
2025-03-22 14:25:05,0.8,0.0,7.5,0.0,-
2025-03-22 14:25:05,0.0,0.0,7.5,0.0,-
2025-03-22 14:25:06,0.0,0.0,7.5,0.0,-
2025-03-22 14:25:06,0.0,0.0,7.5,0.0,-
2025-03-22 14:25:06,0.7,0.0,7.5,0.0,-
2025-03-22 14:25:07,0.5,0.0,7.5,0.0,-
2025-03-22 14:25:07,0.1,0.0,7.5,0.0,-
2025-03-22 14:25:07,0.7,0.0,7.5,0.0,-
2025-03-22 14:25:07,1.3,0.0,7.5,0.0,-
2025-03-22 14:25:08,0.0,0.0,7.5,0.0,-
2025-03-22 14:25:08,0.0,0.0,7.5,0.0,-
2025-03-22 14:25:08,0.0,0.0,7.5,0.0,-
2025-03-22 14:25:09,0.0,0.0,7.5,0.0,-
2025-03-22 14:25:09,0.0,0.0,7.5,0.0,-
2025-03-22 14:25:09,0.0,0.0,7.5,0.0,-
2025-03-22 14:25:09,0.0,0.0,7.5,0.0,-
2025-03-22 14:25:10,0.0,0.0,7.5,0.0,-
2025-03-22 14:25:10,0.0,0.0,7.5,0.0,-
2025-03-22 14:25:10,0.0,0.0,7.5,0.0,-
2025-03-22 14:25:11,0.0,0.0,7.5,0.0,-
2025-03-22 14:25:11,0.0,0.0,7.5,0.0,-
2025-03-22 14:25:11,0.0,0.0,7.5,0.0,-
2025-03-22 14:25:11,0.0,0.0,7.5,0.0,-
2025-03-22 14:25:11,0.0,0.0,7.5,0.0,-
2025-03-22 14:25:12,0.0,0.0,7.5,0.0,-
2025-03-22 14:25:12,0.0,0.0,7.5,0.0,-
2025-03-22 14:25:12,0.0,0.0,7.5,0.0,-
2025-03-22 14:25:13,0.0,0.0,7.5,0.0,-
2025-03-22 14:25:13,0.0,0.0,7.5,0.0,-
2025-03-22 14:25:13,0.0,0.0,7.5,0.0,-
2025-03-22 14:25:13,0.0,0.0,7.5,0.0,-
2025-03-22 14:25:13,0.0,0.0,7.5,0.0,-
2025-03-22 14:25:14,0.0,0.0,7.5,0.0,-
2025-03-22 14:25:14,0.0,0.0,7.5,0.0,-
2025-03-22 14:25:14,0.0,0.0,7.5,0.0,-
2025-03-22 14:25:14,0.0,0.0,7.5,0.0,-
2025-03-22 14:25:15,0.0,0.0,7.5,0.0,-
2025-03-22 14:25:15,0.0,0.0,7.5,0.0,-
2025-03-22 14:25:15,0.0,0.0,7.5,0.0,-
2025-03-22 14:25:15,0.0,0.0,7.5,0.0,-
2025-03-22 14:25:16,0.0,0.0,7.5,0.0,-
2025-03-22 14:25:16,0.0,0.0,7.5,0.0,-
2025-03-22 14:25:16,0.0,0.0,7.5,0.0,-
2025-03-22 14:25:16,0.0,0.0,7.5,0.0,-
2025-03-22 14:25:17,0.0,0.0,7.5,0.0,-
2025-03-22 14:25:17,0.0,0.0,7.5,0.0,-
2025-03-22 14:25:17,0.0,0.0,7.5,0.0,-
2025-03-22 14:25:17,0.0,0.0,7.5,0.0,-
2025-03-22 14:25:18,0.0,0.0,7.5,0.0,-
2025-03-22 14:25:18,0.0,0.0,7.5,0.0,-
2025-03-22 14:25:18,0.0,0.0,7.5,0.0,-
2025-03-22 14:25:19,0.0,0.0,7.5,0.0,-
2025-03-22 14:25:19,0.0,0.0,7.5,0.0,-
2025-03-22 14:25:19,0.0,0.0,7.5,0.0,-
2025-03-22 14:25:20,0.0,0.0,7.5,0.0,-
2025-03-22 14:25:20,0.0,0.0,7.5,0.0,-
2025-03-22 14:25:20,0.0,0.0,7.5,0.0,-
2025-03-22 14:25:20,0.3,0.0,7.5,0.0,-
2025-03-22 14:25:21,0.0,0.0,7.5,0.0,-
2025-03-22 14:25:21,0.0,0.0,7.5,0.0,-
2025-03-22 14:25:21,0.0,0.0,7.5,0.0,-
2025-03-22 14:25:21,0.0,0.0,7.5,0.0,-
2025-03-22 14:25:22,0.0,0.0,7.5,0.0,-
2025-03-22 14:25:22,0.2,0.0,7.5,0.0,-
2025-03-22 14:25:22,0.0,0.0,7.5,0.0,-
2025-03-22 14:25:22,0.0,0.0,7.5,0.0,-
2025-03-22 14:25:23,0.0,0.0,7.5,0.0,-
2025-03-22 14:25:23,0.0,0.0,7.5,0.0,-
2025-03-22 14:25:23,0.0,0.0,7.5,0.0,-
2025-03-22 14:25:23,0.0,0.0,7.5,0.0,-
2025-03-22 14:25:24,0.0,0.0,7.5,0.0,-
2025-03-22 14:25:24,0.0,0.0,7.5,0.0,-
2025-03-22 14:25:24,0.0,0.0,7.5,0.0,-
2025-03-22 14:25:24,0.0,0.0,7.5,0.0,-
2025-03-22 14:25:25,0.0,0.0,7.5,0.0,-
2025-03-22 14:25:25,0.0,0.0,7.5,0.0,-
2025-03-22 14:25:25,0.0,0.0,7.5,0.0,-
2025-03-22 14:25:25,0.0,0.0,7.5,0.0,-
2025-03-22 14:25:25,0.0,0.0,7.5,0.0,-
2025-03-22 14:25:26,0.0,0.0,7.5,0.0,-
2025-03-22 14:25:26,0.0,0.0,7.5,0.0,-
2025-03-22 14:25:26,0.0,0.0,7.5,0.0,-
2025-03-22 14:25:26,0.0,0.0,7.5,0.0,-
2025-03-22 14:25:27,0.0,0.0,7.5,0.0,-
2025-03-22 14:25:27,0.0,0.0,7.5,0.0,-
2025-03-22 14:25:27,0.0,0.0,7.5,0.0,-
2025-03-22 14:25:27,0.0,0.0,7.5,0.0,-
2025-03-22 14:25:28,0.0,0.0,7.5,0.0,-
2025-03-22 14:25:28,0.0,0.0,7.5,0.0,-
2025-03-22 14:25:29,0.0,0.0,7.5,0.0,-
2025-03-22 14:25:29,0.0,0.0,7.5,0.0,-
2025-03-22 14:25:29,0.0,0.0,7.5,0.0,-
2025-03-22 14:25:29,0.0,0.0,7.5,0.0,-
2025-03-22 14:25:30,0.0,0.0,7.5,0.0,-
2025-03-22 14:25:30,0.0,0.0,7.5,0.0,-
2025-03-22 14:25:30,0.0,0.0,7.5,0.0,-
2025-03-22 14:25:30,0.0,0.0,7.5,0.0,-
2025-03-22 14:25:31,0.0,0.0,7.5,0.0,-
2025-03-22 14:25:31,0.0,0.0,7.5,0.0,-
2025-03-22 14:25:31,0.0,0.0,7.5,0.0,-
2025-03-22 14:25:31,0.0,0.0,7.5,0.0,-
2025-03-22 14:25:32,0.0,0.0,7.5,0.0,-
2025-03-22 14:25:32,0.0,0.0,7.5,0.0,-
2025-03-22 14:25:32,0.0,0.0,7.5,0.0,-
2025-03-22 14:25:33,0.0,0.0,7.5,0.0,-
2025-03-22 14:25:33,0.0,0.0,7.5,0.0,-
2025-03-22 14:25:33,0.0,0.0,7.5,0.0,-
2025-03-22 14:25:34,0.0,0.0,7.5,0.0,-
2025-03-22 14:25:34,0.0,0.0,7.5,0.0,-
2025-03-22 14:25:35,0.0,0.0,7.5,0.0,-
2025-03-22 14:25:35,0.0,0.0,7.5,0.0,-
2025-03-22 14:25:35,0.0,0.0,7.5,0.0,-
2025-03-22 14:25:35,0.2,0.0,7.5,0.0,-
2025-03-22 14:25:35,0.0,0.0,7.5,0.0,-
2025-03-22 14:25:36,0.0,0.0,7.5,0.0,-
2025-03-22 14:25:36,0.0,0.0,7.5,0.0,-
2025-03-22 14:25:36,0.0,0.0,7.5,0.0,-
2025-03-22 14:25:37,0.0,0.0,7.5,0.0,-
2025-03-22 14:25:37,0.0,0.0,7.5,0.0,-
2025-03-22 14:25:37,0.0,0.0,7.5,0.0,-
2025-03-22 14:25:37,0.0,0.0,7.5,0.0,-
2025-03-22 14:25:38,0.0,0.0,7.5,0.0,-
2025-03-22 14:25:38,0.0,0.0,7.5,0.0,-
2025-03-22 14:25:38,0.0,0.0,7.5,0.0,-
2025-03-22 14:25:38,0.0,0.0,7.5,0.0,-
2025-03-22 14:25:39,0.0,0.0,7.5,0.0,-
2025-03-22 14:25:39,0.0,0.0,7.5,0.0,-
2025-03-22 14:25:39,0.0,0.0,7.5,0.0,-
2025-03-22 14:25:39,0.0,0.0,7.5,0.0,-
2025-03-22 14:25:40,0.0,0.0,7.5,0.0,-
2025-03-22 14:25:40,0.0,0.0,7.5,0.0,-
2025-03-22 14:25:40,0.0,0.0,7.5,0.0,-
2025-03-22 14:25:40,0.0,0.0,7.5,0.0,-
2025-03-22 14:25:41,0.0,0.0,7.5,0.0,-
2025-03-22 14:25:41,0.0,0.0,7.5,0.0,-
2025-03-22 14:25:41,0.0,0.0,7.5,0.0,-
2025-03-22 14:25:41,0.0,0.0,7.5,0.0,-
2025-03-22 14:25:42,0.0,0.0,7.5,0.0,-
2025-03-22 14:25:42,0.0,0.0,7.5,0.0,-
2025-03-22 14:25:43,0.0,0.0,7.5,0.0,-
2025-03-22 14:25:43,0.0,0.0,7.5,0.0,-
2025-03-22 14:25:43,0.0,0.0,7.5,0.0,-
2025-03-22 14:25:43,0.0,0.0,7.5,0.0,-
2025-03-22 14:25:44,0.0,0.0,7.5,0.0,-
2025-03-22 14:25:44,0.0,0.0,7.5,0.0,-
2025-03-22 14:25:45,0.0,0.0,7.5,0.0,-
2025-03-22 14:25:45,0.0,0.0,7.5,0.0,-
2025-03-22 14:25:45,0.0,0.0,7.5,0.0,-
2025-03-22 14:25:45,0.0,0.0,7.5,0.0,-
2025-03-22 14:25:46,0.0,0.0,7.5,0.0,-
2025-03-22 14:25:46,0.0,0.0,7.5,0.0,-
2025-03-22 14:25:46,0.0,0.0,7.5,0.0,-
2025-03-22 14:25:47,0.0,0.0,7.5,0.0,-
2025-03-22 14:25:47,0.0,0.0,7.5,0.0,-
2025-03-22 14:25:47,0.0,0.0,7.5,0.0,-
2025-03-22 14:25:48,0.0,0.0,7.5,0.0,-
2025-03-22 14:25:48,0.0,0.0,7.5,0.0,-
2025-03-22 14:25:49,0.0,0.0,7.5,0.0,-
2025-03-22 14:25:49,0.0,0.0,7.5,0.0,-
2025-03-22 14:25:49,0.0,0.0,7.5,0.0,-
2025-03-22 14:25:49,0.0,0.0,7.5,0.0,-
2025-03-22 14:25:50,0.0,0.0,7.5,0.0,-
2025-03-22 14:25:50,0.0,0.0,7.5,0.0,-
2025-03-22 14:25:50,0.0,0.0,7.5,0.0,-
2025-03-22 14:25:50,0.0,0.0,7.5,0.0,-
2025-03-22 14:25:50,0.0,0.0,7.5,0.0,-
2025-03-22 14:25:51,0.0,0.0,7.5,0.0,-
2025-03-22 14:25:51,0.0,0.0,7.5,0.0,-
2025-03-22 14:25:52,0.0,0.0,7.5,0.0,-
2025-03-22 14:25:52,0.0,0.0,7.5,0.0,-
2025-03-22 14:25:52,0.0,0.0,7.5,0.0,-
2025-03-22 14:25:53,0.0,0.0,7.5,0.0,-
2025-03-22 14:25:53,0.0,0.0,7.5,0.0,-
2025-03-22 14:25:53,0.0,0.0,7.5,0.0,-
2025-03-22 14:25:53,0.0,0.0,7.5,0.0,-
2025-03-22 14:25:54,0.0,0.0,7.5,0.0,-
2025-03-22 14:25:54,0.0,0.0,7.5,0.0,-
2025-03-22 14:25:54,0.0,0.0,7.5,0.0,-
2025-03-22 14:25:54,0.0,0.0,7.5,0.0,-
2025-03-22 14:25:55,0.0,0.0,7.5,0.0,-
2025-03-22 14:25:55,0.0,0.0,7.5,0.0,-
2025-03-22 14:25:55,0.0,0.0,7.5,0.0,-
2025-03-22 14:25:55,0.0,0.0,7.5,0.0,-
2025-03-22 14:25:56,0.0,0.0,7.5,0.0,-
2025-03-22 14:25:56,0.0,0.0,7.5,0.0,-
2025-03-22 14:25:56,0.0,0.0,7.5,0.0,-
2025-03-22 14:25:57,0.0,0.0,7.5,0.0,-
2025-03-22 14:25:57,0.0,0.0,7.5,0.0,-
2025-03-22 14:25:57,0.0,0.0,7.5,0.0,-
2025-03-22 14:25:58,0.0,0.0,7.5,0.0,-
2025-03-22 14:25:58,0.0,0.0,7.5,0.0,-
2025-03-22 14:25:58,0.0,0.0,7.5,0.0,-
2025-03-22 14:25:58,0.0,0.0,7.5,0.0,-
2025-03-22 14:25:59,0.0,0.0,7.5,0.0,-
2025-03-22 14:25:59,0.0,0.0,7.5,0.0,-
2025-03-22 14:25:59,0.0,0.0,7.5,0.0,-
2025-03-22 14:25:59,0.0,0.0,7.5,0.0,-
2025-03-22 14:26:00,0.0,0.0,7.5,0.0,-
2025-03-22 14:26:00,0.0,0.0,7.5,0.0,-
2025-03-22 14:26:00,0.0,0.0,7.5,0.0,-
2025-03-22 14:26:01,0.1,0.0,7.5,0.0,-
2025-03-22 14:26:01,0.0,0.0,7.5,0.0,-
2025-03-22 14:26:01,0.0,0.0,7.5,0.0,-
2025-03-22 14:26:02,0.0,0.0,7.5,0.0,-
2025-03-22 14:26:02,0.0,0.0,7.5,0.0,-
2025-03-22 14:26:02,0.0,0.0,7.5,0.0,-
2025-03-22 14:26:03,0.0,0.0,7.5,0.0,-
2025-03-22 14:26:03,0.0,0.0,7.5,0.0,-
2025-03-22 14:26:03,0.0,0.0,7.5,0.0,-
2025-03-22 14:26:04,0.0,0.0,7.5,0.0,-
2025-03-22 14:26:04,0.0,0.0,7.5,0.0,-
2025-03-22 14:26:05,0.0,0.0,7.5,0.0,-
2025-03-22 14:26:06,0.0,0.0,7.5,0.0,-
2025-03-22 14:26:06,0.0,0.0,7.5,0.0,-
2025-03-22 14:26:06,0.0,0.0,7.5,0.0,-
2025-03-22 14:26:07,0.0,0.0,7.5,0.0,-
2025-03-22 14:26:07,0.0,0.0,7.5,0.0,-
2025-03-22 14:26:07,0.0,0.0,7.5,0.0,-
2025-03-22 14:26:07,0.0,0.0,7.5,0.0,-
2025-03-22 14:26:08,0.0,0.0,7.5,0.0,-
2025-03-22 14:26:08,0.0,0.0,7.5,0.0,-
2025-03-22 14:26:08,0.0,0.0,7.5,0.0,-
2025-03-22 14:26:09,0.0,0.0,7.5,0.0,-
2025-03-22 14:26:09,0.0,0.0,7.5,0.0,-
2025-03-22 14:26:09,0.0,0.0,7.5,0.0,-
2025-03-22 14:26:09,0.0,0.0,7.5,0.0,-
2025-03-22 14:26:10,0.0,0.0,7.5,0.0,-
2025-03-22 14:26:10,0.0,0.0,7.5,0.0,-
2025-03-22 14:26:10,0.0,0.0,7.5,0.0,-
2025-03-22 14:26:11,0.0,0.0,7.5,0.0,-
2025-03-22 14:26:11,0.0,0.0,7.5,0.0,-
2025-03-22 14:26:11,0.0,0.0,7.5,0.0,-
2025-03-22 14:26:11,0.0,0.0,7.5,0.0,-
2025-03-22 14:26:12,0.0,0.0,7.5,0.0,-
2025-03-22 14:26:12,0.0,0.0,7.5,0.0,-
2025-03-22 14:26:12,0.0,0.0,7.5,0.0,-
2025-03-22 14:26:13,0.0,0.0,7.5,0.0,-
2025-03-22 14:26:13,0.0,0.0,7.5,0.0,-
2025-03-22 14:26:13,0.0,0.0,7.5,0.0,-
2025-03-22 14:26:14,0.0,0.0,7.5,0.0,-
2025-03-22 14:26:14,0.0,0.0,7.5,0.0,-
2025-03-22 14:26:14,0.0,0.0,7.5,0.0,-
2025-03-22 14:26:15,0.0,0.0,7.5,0.0,-
2025-03-22 14:26:15,0.0,0.0,7.5,0.0,-
2025-03-22 14:26:16,0.0,0.0,7.5,0.0,-
2025-03-22 14:26:16,0.0,0.0,7.5,0.0,-
2025-03-22 14:26:16,0.0,0.0,7.5,0.0,-
2025-03-22 14:26:16,0.0,0.0,7.5,0.0,-
2025-03-22 14:26:17,0.0,0.0,7.5,0.0,-
2025-03-22 14:26:17,0.0,0.0,7.5,0.0,-
2025-03-22 14:26:18,0.0,0.0,7.5,0.0,-
2025-03-22 14:26:18,0.0,0.0,7.5,0.0,-
2025-03-22 14:26:18,0.0,0.0,7.5,0.0,-
2025-03-22 14:26:19,0.0,0.0,7.5,0.0,-
2025-03-22 14:26:19,0.0,0.0,7.5,0.0,-
2025-03-22 14:26:19,0.0,0.0,7.5,0.0,-
2025-03-22 14:26:19,0.0,0.0,7.5,0.0,-
2025-03-22 14:26:20,0.0,0.0,7.5,0.0,-
2025-03-22 14:26:20,0.0,0.0,7.5,0.0,-
2025-03-22 14:26:20,0.0,0.0,7.5,0.0,-
2025-03-22 14:26:20,0.0,0.0,7.5,0.0,-
2025-03-22 14:26:21,0.0,0.0,7.5,0.0,-
2025-03-22 14:26:21,0.0,0.0,7.5,0.0,-
2025-03-22 14:26:21,0.0,0.0,7.5,0.0,-
2025-03-22 14:26:22,0.0,0.0,7.5,0.0,-
2025-03-22 14:26:22,0.0,0.0,7.5,0.0,-
2025-03-22 14:26:22,0.0,0.0,7.5,0.0,-
2025-03-22 14:26:23,0.0,0.0,7.5,0.0,-
2025-03-22 14:26:23,0.0,0.0,7.5,0.0,-
2025-03-22 14:26:23,0.0,0.0,7.5,0.0,-
2025-03-22 14:26:24,0.0,0.0,7.5,0.0,-
2025-03-22 14:26:24,0.0,0.0,7.5,0.0,-
2025-03-22 14:26:26,0.0,0.0,7.5,0.0,-
2025-03-22 14:26:26,0.0,0.0,7.5,0.0,-
2025-03-22 14:26:27,0.0,0.0,7.5,0.0,-
2025-03-22 14:26:27,0.0,0.0,7.5,0.0,-
2025-03-22 14:26:27,0.0,0.0,7.5,0.0,-
2025-03-22 14:26:27,0.0,0.0,7.5,0.0,-
2025-03-22 14:26:28,0.0,0.0,7.5,0.0,-
2025-03-22 14:26:28,0.0,0.0,7.5,0.0,-
2025-03-22 14:26:28,0.0,0.0,7.5,0.0,-
2025-03-22 14:26:29,0.0,0.0,7.5,0.0,-
2025-03-22 14:26:29,0.0,0.0,7.5,0.0,-
2025-03-22 14:26:29,0.0,0.0,7.5,0.0,-
2025-03-22 14:26:30,0.0,0.0,7.5,0.0,-
2025-03-22 14:26:30,0.0,0.0,7.5,0.0,-
2025-03-22 14:26:31,0.0,0.0,7.5,0.0,-
2025-03-22 14:26:31,0.0,0.0,7.5,0.0,-
2025-03-22 14:26:31,0.0,0.0,7.5,0.0,-
2025-03-22 14:26:32,0.0,0.0,7.5,0.0,-
2025-03-22 14:26:32,0.0,0.0,7.5,0.0,-
2025-03-22 14:26:32,0.0,0.0,7.5,0.0,-
2025-03-22 14:26:32,0.0,0.0,7.5,0.0,-
2025-03-22 14:26:33,0.0,0.0,7.5,0.0,-
2025-03-22 14:26:33,0.0,0.0,7.5,0.0,-
2025-03-22 14:26:33,0.0,0.0,7.5,0.0,-
2025-03-22 14:26:34,0.0,0.0,7.5,0.0,-
2025-03-22 14:26:34,0.0,0.0,7.5,0.0,-
2025-03-22 14:26:35,0.0,0.0,7.5,0.0,-
2025-03-22 14:26:35,0.0,0.0,7.5,0.0,-
2025-03-22 14:26:36,0.0,0.0,7.5,0.0,-
2025-03-22 14:26:36,0.0,0.0,7.5,0.0,-
2025-03-22 14:26:36,0.0,0.0,7.5,0.0,-
2025-03-22 14:26:36,0.0,0.0,7.5,0.0,-
2025-03-22 14:26:37,0.0,0.0,7.5,0.0,-
2025-03-22 14:26:37,0.0,0.0,7.5,0.0,-
2025-03-22 14:26:37,0.0,0.0,7.5,0.0,-
2025-03-22 14:26:38,0.0,0.0,7.5,0.0,-
2025-03-22 14:26:38,0.0,0.0,7.5,0.0,-
2025-03-22 14:26:38,0.0,0.0,7.5,0.0,-
2025-03-22 14:26:39,0.0,0.0,7.5,0.0,-
2025-03-22 14:26:39,0.0,0.0,7.5,0.0,-
2025-03-22 14:26:39,0.0,0.0,7.5,0.0,-
2025-03-22 14:26:40,0.0,0.0,7.5,0.0,-
2025-03-22 14:26:40,0.0,0.0,7.5,0.0,-
2025-03-22 14:26:40,0.0,0.0,7.5,0.0,-
2025-03-22 14:26:40,0.0,0.0,7.5,0.0,-
2025-03-22 14:26:41,0.0,0.0,7.5,0.0,-
2025-03-22 14:26:41,0.0,0.0,7.5,0.0,-
2025-03-22 14:26:42,0.1,0.0,7.5,0.0,-
2025-03-22 14:26:42,0.9,0.0,7.5,0.0,-
2025-03-22 14:26:42,0.0,0.0,7.5,0.0,-
2025-03-22 14:26:42,0.0,0.0,7.5,0.0,-
2025-03-22 14:26:43,0.8,0.0,7.5,0.0,-
2025-03-22 14:26:43,1.6,0.0,7.5,0.0,-
2025-03-22 14:26:43,2.4,0.0,7.5,0.0,-
2025-03-22 14:26:43,0.1,0.0,7.5,0.0,-
2025-03-22 14:26:44,0.0,0.0,7.5,0.0,-
2025-03-22 14:26:44,0.9,0.0,7.5,0.0,-
2025-03-22 14:26:44,0.0,0.0,7.5,0.0,-
2025-03-22 14:26:44,0.1,0.0,7.5,0.0,-
2025-03-22 14:26:45,0.0,0.0,7.5,0.0,-
2025-03-22 14:26:45,0.6,0.0,7.5,0.0,-
2025-03-22 14:26:45,0.0,0.0,7.5,0.0,-
2025-03-22 14:26:46,0.0,0.0,7.5,0.0,-
2025-03-22 14:26:47,18.0,0.0,25.0,0.0,-
2025-03-22 14:26:47,32.1,0.0,36.0,0.0,-
2025-03-22 14:26:47,36.0,0.0,36.0,3.0,-
2025-03-22 14:26:47,36.0,0.0,36.0,5.0,-
2025-03-22 14:26:47,36.0,0.0,36.0,7.0,-
2025-03-22 14:26:48,36.0,0.0,36.0,10.0,-
2025-03-22 14:26:48,36.0,0.0,36.0,14.0,-
2025-03-22 14:26:48,36.0,0.0,36.0,16.0,-
2025-03-22 14:26:49,36.0,0.0,36.0,20.0,-
2025-03-22 14:26:49,36.0,0.0,36.0,23.0,-
2025-03-22 14:26:49,36.0,0.0,36.0,25.0,-
2025-03-22 14:26:49,36.0,0.0,36.0,28.0,-
2025-03-22 14:26:50,36.0,0.0,36.0,32.0,-
2025-03-22 14:26:50,35.6,0.0,36.0,35.0,-
2025-03-22 14:26:51,36.0,0.0,36.0,38.0,-
2025-03-22 14:26:51,36.0,0.0,36.0,41.0,-
2025-03-22 14:26:51,36.0,0.1,36.0,43.0,-
2025-03-22 14:26:51,35.8,0.1,36.0,46.0,-
2025-03-22 14:26:52,36.0,0.1,36.0,48.0,-
2025-03-22 14:26:52,36.0,0.1,36.0,51.0,-
2025-03-22 14:26:52,36.0,0.1,36.0,53.0,-
2025-03-22 14:26:52,35.5,0.1,36.0,55.0,-
2025-03-22 14:26:53,36.0,0.1,36.0,59.0,-
2025-03-22 14:26:53,36.0,0.1,36.0,61.0,-
2025-03-22 14:26:53,36.0,0.1,36.0,64.0,-
2025-03-22 14:26:54,36.0,0.1,36.0,70.0,-
2025-03-22 14:26:54,34.8,0.1,36.0,72.0,-
2025-03-22 14:26:54,33.2,0.1,36.0,74.0,-
2025-03-22 14:26:54,31.9,0.1,36.0,77.0,-
2025-03-22 14:26:55,32.0,0.1,36.0,80.0,-
2025-03-22 14:26:55,33.0,0.1,36.0,82.0,-
2025-03-22 14:26:56,33.5,0.1,36.0,86.0,-
2025-03-22 14:26:56,35.1,0.1,36.0,89.0,-
2025-03-22 14:26:56,36.0,0.1,36.0,93.0,-
2025-03-22 14:26:57,35.9,0.1,36.0,99.0,-
2025-03-22 14:26:57,35.6,0.1,36.0,101.0,-
2025-03-22 14:26:57,36.0,0.1,36.0,103.0,-
2025-03-22 14:26:58,36.0,0.1,36.0,109.0,-
2025-03-22 14:26:58,36.0,0.1,36.0,113.0,-
2025-03-22 14:26:58,36.0,0.1,36.0,116.0,-
2025-03-22 14:26:59,35.3,0.1,36.0,123.0,-
2025-03-22 14:26:59,35.5,0.1,36.0,126.0,-
2025-03-22 14:27:00,35.6,0.1,36.0,129.0,-
2025-03-22 14:27:00,35.7,0.1,36.0,132.0,-
2025-03-22 14:27:01,0.0,0.1,36.0,138.0,-
2025-03-22 14:27:01,0.0,0.1,36.0,138.0,-
2025-03-22 14:27:01,0.0,0.1,36.0,138.0,-
2025-03-22 14:27:02,0.2,0.1,36.0,138.0,-
2025-03-22 14:27:02,7.5,0.1,36.0,138.0,-
2025-03-22 14:27:03,9.0,0.1,36.0,138.0,-
2025-03-22 14:27:03,9.2,0.1,36.0,138.0,-
2025-03-22 14:27:03,9.5,0.1,36.0,138.0,-
2025-03-22 14:27:03,10.7,0.1,36.0,138.0,-
2025-03-22 14:27:04,11.6,0.1,36.0,138.0,-
2025-03-22 14:27:04,0.0,0.1,36.0,138.0,-
2025-03-22 14:27:05,10.4,0.2,36.0,138.0,-
2025-03-22 14:27:05,12.4,0.2,36.0,138.0,-
2025-03-22 14:27:06,14.1,0.2,36.0,138.0,-
2025-03-22 14:27:06,14.8,0.2,36.0,138.0,-
2025-03-22 14:27:06,15.4,0.2,36.0,138.0,-
2025-03-22 14:27:07,15.6,0.2,36.0,138.0,-
2025-03-22 14:27:07,17.0,0.2,36.0,138.0,-
2025-03-22 14:27:07,17.5,0.2,36.0,138.0,-
2025-03-22 14:27:08,18.1,0.2,36.0,138.0,-
2025-03-22 14:27:08,18.2,0.2,36.0,138.0,-
2025-03-22 14:27:09,18.5,0.2,36.0,138.0,-
2025-03-22 14:27:09,0.0,0.2,36.0,138.0,-
2025-03-22 14:27:09,0.0,0.2,36.0,138.0,-
2025-03-22 14:27:10,0.0,0.2,36.0,138.0,-
2025-03-22 14:27:10,0.0,0.2,36.0,138.0,-
2025-03-22 14:27:11,0.0,0.2,36.0,138.0,-
2025-03-22 14:27:11,0.7,0.2,36.0,138.0,-
2025-03-22 14:27:11,0.0,0.2,36.0,138.0,-
2025-03-22 14:27:11,0.0,0.2,36.0,138.0,-
2025-03-22 14:27:12,0.0,0.2,36.0,138.0,-
2025-03-22 14:27:12,0.0,0.2,36.0,138.0,-
2025-03-22 14:27:12,0.0,0.2,36.0,138.0,-
2025-03-22 14:27:13,0.0,0.2,36.0,138.0,-
2025-03-22 14:27:13,0.0,0.2,36.0,138.0,-
2025-03-22 14:27:13,0.0,0.2,36.0,138.0,-
2025-03-22 14:27:13,0.0,0.2,36.0,138.0,-
2025-03-22 14:27:14,1.0,0.2,36.0,138.0,-
2025-03-22 14:27:14,0.3,0.2,36.0,138.0,-
2025-03-22 14:27:14,0.7,0.2,36.0,138.0,-
2025-03-22 14:27:15,0.0,0.2,36.0,138.0,-
2025-03-22 14:27:15,0.3,0.2,36.0,138.0,-
2025-03-22 14:27:15,0.0,0.2,36.0,138.0,-
2025-03-22 14:27:16,0.0,0.2,36.0,138.0,-
2025-03-22 14:27:16,0.1,0.2,36.0,138.0,-
2025-03-22 14:27:17,0.3,0.2,36.0,138.0,-
2025-03-22 14:27:17,0.0,0.2,36.0,138.0,-
2025-03-22 14:27:17,0.0,0.2,36.0,138.0,-
2025-03-22 14:27:18,0.0,0.2,36.0,138.0,-
2025-03-22 14:27:19,0.0,0.2,36.0,138.0,-
2025-03-22 14:27:19,0.3,0.2,36.0,138.0,-
2025-03-22 14:27:19,0.0,0.2,36.0,138.0,-
2025-03-22 14:27:20,0.0,0.2,36.0,138.0,-
2025-03-22 14:27:20,0.0,0.2,36.0,138.0,-
2025-03-22 14:27:20,0.0,0.2,36.0,138.0,-
2025-03-22 14:27:21,0.0,0.2,36.0,138.0,-
2025-03-22 14:27:21,0.0,0.2,36.0,138.0,-
2025-03-22 14:27:21,0.0,0.2,36.0,138.0,-
2025-03-22 14:27:22,0.0,0.2,36.0,138.0,-
2025-03-22 14:27:22,0.0,0.2,36.0,138.0,-
2025-03-22 14:27:22,0.0,0.2,36.0,138.0,-
2025-03-22 14:27:23,0.0,0.2,36.0,138.0,-
2025-03-22 14:27:23,0.0,0.2,36.0,138.0,-
2025-03-22 14:27:24,0.0,0.2,36.0,138.0,-
2025-03-22 14:27:24,0.0,0.2,36.0,138.0,-
2025-03-22 14:27:24,0.0,0.2,36.0,138.0,-
2025-03-22 14:27:25,0.0,0.2,36.0,138.0,-
2025-03-22 14:27:25,0.0,0.2,36.0,138.0,-
2025-03-22 14:27:25,0.0,0.2,36.0,138.0,-
2025-03-22 14:27:25,0.0,0.2,36.0,138.0,-
2025-03-22 14:27:26,0.0,0.2,36.0,138.0,-
2025-03-22 14:27:26,0.0,0.2,36.0,138.0,-
2025-03-22 14:27:26,0.0,0.2,36.0,138.0,-
2025-03-22 14:27:27,0.0,0.2,36.0,138.0,-
2025-03-22 14:27:27,0.6,0.2,36.0,138.0,-
2025-03-22 14:27:27,0.0,0.2,36.0,138.0,-
2025-03-22 14:27:27,0.0,0.2,36.0,138.0,-
2025-03-22 14:27:28,0.0,0.2,36.0,138.0,-
2025-03-22 14:27:28,0.0,0.2,36.0,138.0,-
2025-03-22 14:27:29,0.3,0.2,36.0,138.0,-
2025-03-22 14:27:29,0.0,0.2,36.0,138.0,-
2025-03-22 14:27:29,0.0,0.2,36.0,138.0,-
2025-03-22 14:27:29,0.0,0.2,36.0,138.0,-
2025-03-22 14:27:30,0.0,0.2,36.0,138.0,-
2025-03-22 14:27:30,0.0,0.2,36.0,138.0,-
2025-03-22 14:27:31,0.0,0.2,36.0,138.0,-
2025-03-22 14:27:31,0.0,0.2,36.0,138.0,-
2025-03-22 14:27:31,0.0,0.2,36.0,138.0,-
2025-03-22 14:27:32,0.0,0.2,36.0,138.0,-
2025-03-22 14:27:32,0.0,0.2,36.0,138.0,-
2025-03-22 14:27:33,0.0,0.2,36.0,138.0,-
2025-03-22 14:27:33,0.0,0.2,36.0,138.0,-
2025-03-22 14:27:34,0.0,0.2,36.0,138.0,-
2025-03-22 14:27:34,0.0,0.2,36.0,138.0,-
2025-03-22 14:27:34,0.0,0.2,36.0,138.0,-
2025-03-22 14:27:35,0.0,0.2,36.0,138.0,-
2025-03-22 14:27:35,0.0,0.2,36.0,138.0,-
2025-03-22 14:27:35,0.0,0.2,36.0,138.0,-
2025-03-22 14:27:36,0.0,0.2,36.0,138.0,-
2025-03-22 14:27:36,0.0,0.2,36.0,138.0,-
2025-03-22 14:27:36,0.0,0.2,36.0,138.0,-
2025-03-22 14:27:36,0.0,0.2,36.0,138.0,-
2025-03-22 14:27:37,0.0,0.2,36.0,138.0,-
2025-03-22 14:27:37,0.0,0.2,36.0,138.0,-
2025-03-22 14:27:37,0.0,0.2,36.0,138.0,-
2025-03-22 14:27:37,0.0,0.2,36.0,138.0,-
2025-03-22 14:27:38,0.0,0.2,36.0,138.0,-
2025-03-22 14:27:38,0.0,0.2,36.0,138.0,-
2025-03-22 14:27:38,0.0,0.2,36.0,138.0,-
2025-03-22 14:27:39,0.0,0.2,36.0,138.0,-
2025-03-22 14:27:39,0.0,0.2,36.0,138.0,-
2025-03-22 14:27:39,0.0,0.2,36.0,138.0,-
2025-03-22 14:27:40,0.0,0.2,36.0,138.0,-
2025-03-22 14:27:40,0.0,0.2,36.0,138.0,-
2025-03-22 14:27:40,0.0,0.2,36.0,138.0,-
2025-03-22 14:27:41,0.0,0.2,36.0,138.0,-
2025-03-22 14:27:41,0.0,0.2,36.0,138.0,-
2025-03-22 14:27:41,0.0,0.2,36.0,138.0,-
2025-03-22 14:27:42,0.0,0.2,36.0,138.0,-
2025-03-22 14:27:42,0.0,0.2,36.0,138.0,-
2025-03-22 14:27:43,0.0,0.2,36.0,138.0,-
2025-03-22 14:27:43,0.3,0.2,36.0,138.0,-
2025-03-22 14:27:44,0.0,0.2,36.0,138.0,-
2025-03-22 14:27:44,0.1,0.2,36.0,138.0,-
2025-03-22 14:27:44,0.0,0.2,36.0,138.0,-
2025-03-22 14:27:44,0.1,0.2,36.0,138.0,-
2025-03-22 14:27:45,0.8,0.2,36.0,138.0,-
2025-03-22 14:27:45,0.2,0.2,36.0,138.0,-
2025-03-22 14:27:46,0.0,0.2,36.0,138.0,-
2025-03-22 14:27:46,0.1,0.2,36.0,138.0,-
2025-03-22 14:27:46,0.0,0.2,36.0,138.0,-
2025-03-22 14:27:47,0.0,0.2,36.0,138.0,-
2025-03-22 14:27:47,0.0,0.2,36.0,138.0,-
2025-03-22 14:27:47,0.0,0.2,36.0,138.0,-
2025-03-22 14:27:48,0.0,0.2,36.0,138.0,-
2025-03-22 14:27:48,0.5,0.2,36.0,138.0,-
2025-03-22 14:27:49,0.0,0.2,36.0,138.0,-
2025-03-22 14:27:49,0.0,0.2,36.0,138.0,-
2025-03-22 14:27:49,0.0,0.2,36.0,138.0,-
2025-03-22 14:27:49,0.0,0.2,36.0,138.0,-
2025-03-22 14:27:50,0.0,0.2,36.0,138.0,-
2025-03-22 14:27:50,0.0,0.2,36.0,138.0,-
2025-03-22 14:27:50,0.0,0.2,36.0,138.0,-
2025-03-22 14:27:50,0.0,0.2,36.0,138.0,-
2025-03-22 14:27:51,0.0,0.2,36.0,138.0,-
2025-03-22 14:27:51,0.0,0.2,36.0,138.0,-
2025-03-22 14:27:51,0.0,0.2,36.0,138.0,-
2025-03-22 14:27:52,0.0,0.2,36.0,138.0,-
2025-03-22 14:27:53,0.0,0.2,36.0,138.0,-
2025-03-22 14:27:54,0.7,0.2,36.0,138.0,-
2025-03-22 14:27:56,1.2,0.2,36.0,138.0,-
2025-03-22 14:27:56,2.6,0.2,36.0,138.0,-
2025-03-22 14:27:56,4.2,0.2,36.0,138.0,-
2025-03-22 14:27:57,0.0,0.2,36.0,138.0,-
2025-03-22 14:27:58,0.0,0.2,36.0,138.0,-
2025-03-22 14:27:58,0.0,0.2,36.0,138.0,-
2025-03-22 14:27:58,0.0,0.2,36.0,138.0,-
2025-03-22 14:27:59,0.0,0.2,36.0,138.0,-
2025-03-22 14:27:59,0.0,0.2,36.0,138.0,-
2025-03-22 14:27:59,0.0,0.2,36.0,138.0,-
2025-03-22 14:28:00,0.0,0.2,36.0,138.0,-
2025-03-22 14:28:00,0.0,0.2,36.0,138.0,-
2025-03-22 14:28:00,0.0,0.2,36.0,138.0,-
2025-03-22 14:28:00,0.0,0.2,36.0,138.0,-
2025-03-22 14:28:01,0.0,0.2,36.0,138.0,-
2025-03-22 14:28:01,0.0,0.2,36.0,138.0,-
2025-03-22 14:28:02,0.0,0.2,36.0,138.0,-
2025-03-22 14:28:03,0.0,0.2,36.0,138.0,-
2025-03-22 14:28:03,0.0,0.2,36.0,138.0,-
2025-03-22 14:28:03,0.0,0.2,36.0,138.0,-
2025-03-22 14:28:04,0.0,0.2,36.0,138.0,-
2025-03-22 14:28:04,0.0,0.2,36.0,138.0,-
2025-03-22 14:28:04,0.0,0.2,36.0,138.0,-
2025-03-22 14:28:05,0.0,0.2,36.0,138.0,-
2025-03-22 14:28:06,0.0,0.2,36.0,138.0,-
2025-03-22 14:28:06,0.0,0.2,36.0,138.0,-
2025-03-22 14:28:06,0.0,0.2,36.0,138.0,-
2025-03-22 14:28:06,0.0,0.2,36.0,138.0,-
2025-03-22 14:28:07,0.0,0.2,36.0,138.0,-
2025-03-22 14:28:07,0.0,0.2,36.0,138.0,-
2025-03-22 14:28:08,0.0,0.2,36.0,138.0,-
2025-03-22 14:28:10,0.0,0.2,36.0,138.0,-
2025-03-22 14:28:11,0.0,0.2,36.0,138.0,-
2025-03-22 14:28:11,0.0,0.2,36.0,138.0,-
2025-03-22 14:28:11,0.0,0.2,36.0,138.0,-
2025-03-22 14:28:12,0.0,0.2,36.0,138.0,-
2025-03-22 14:28:12,0.9,0.2,36.0,138.0,-
2025-03-22 14:28:13,1.4,0.2,36.0,138.0,-
2025-03-22 14:28:13,0.0,0.2,36.0,138.0,-
2025-03-22 14:28:14,0.5,0.2,36.0,138.0,-
2025-03-22 14:28:15,0.0,0.2,36.0,138.0,-
2025-03-22 14:28:15,0.0,0.2,36.0,138.0,-
2025-03-22 14:28:16,0.0,0.2,36.0,138.0,-
2025-03-22 14:28:16,0.0,0.2,36.0,138.0,-
2025-03-22 14:28:17,0.0,0.2,36.0,138.0,-
2025-03-22 14:28:17,0.0,0.2,36.0,138.0,-
2025-03-22 14:28:17,0.0,0.2,36.0,138.0,-
2025-03-22 14:28:17,0.0,0.2,36.0,138.0,-
2025-03-22 14:28:18,0.0,0.2,36.0,138.0,-
2025-03-22 14:28:18,0.0,0.2,36.0,138.0,-
2025-03-22 14:28:19,0.0,0.2,36.0,138.0,-
2025-03-22 14:28:19,0.0,0.2,36.0,138.0,-
2025-03-22 14:28:20,0.0,0.2,36.0,138.0,-
2025-03-22 14:28:20,0.0,0.2,36.0,138.0,-
2025-03-22 14:28:21,0.0,0.2,36.0,138.0,-
2025-03-22 14:28:21,0.0,0.2,36.0,138.0,-
2025-03-22 14:28:21,0.0,0.2,36.0,138.0,-
2025-03-22 14:28:22,0.0,0.2,36.0,138.0,-
2025-03-22 14:28:22,0.0,0.2,36.0,138.0,-
2025-03-22 14:28:22,0.0,0.2,36.0,138.0,-
2025-03-22 14:28:22,0.0,0.2,36.0,138.0,-
2025-03-22 14:28:23,0.0,0.2,36.0,138.0,-
2025-03-22 14:28:23,0.0,0.2,36.0,138.0,-
2025-03-22 14:28:23,0.0,0.2,36.0,138.0,-
2025-03-22 14:28:24,0.0,0.2,36.0,138.0,-
2025-03-22 14:28:24,0.0,0.2,36.0,138.0,-
2025-03-22 14:28:25,0.0,0.2,36.0,138.0,-
2025-03-22 14:28:26,0.0,0.2,36.0,138.0,-
2025-03-22 14:28:26,0.0,0.2,36.0,138.0,-
2025-03-22 14:28:27,0.0,0.2,36.0,138.0,-
2025-03-22 14:28:27,0.3,0.2,36.0,138.0,-
2025-03-22 14:28:28,0.0,0.2,36.0,138.0,-
2025-03-22 14:28:28,0.0,0.2,36.0,138.0,-
2025-03-22 14:28:28,0.0,0.2,36.0,138.0,-
2025-03-22 14:28:29,1.1,0.2,36.0,138.0,-
2025-03-22 14:28:29,0.8,0.2,36.0,138.0,-
2025-03-22 14:28:30,0.0,0.2,36.0,138.0,-
2025-03-22 14:28:30,0.5,0.2,36.0,138.0,-
2025-03-22 14:28:30,2.7,0.2,36.0,138.0,-
2025-03-22 14:28:31,0.2,0.2,36.0,138.0,-
2025-03-22 14:28:31,1.4,0.2,36.0,138.0,-
2025-03-22 14:28:31,2.0,0.2,36.0,138.0,-
2025-03-22 14:28:32,5.0,0.2,36.0,138.0,-
2025-03-22 14:28:32,5.2,0.2,36.0,138.0,-
2025-03-22 14:28:32,0.0,0.2,36.0,138.0,-
2025-03-22 14:28:32,1.2,0.2,36.0,138.0,-
2025-03-22 14:28:33,1.7,0.2,36.0,138.0,-
2025-03-22 14:28:33,1.9,0.2,36.0,138.0,-
2025-03-22 14:28:34,15.5,0.2,36.0,138.0,-
2025-03-22 14:28:34,20.2,0.2,36.0,138.0,-
2025-03-22 14:28:34,21.3,0.2,36.0,138.0,-
2025-03-22 14:28:35,24.4,0.2,36.0,138.0,-
2025-03-22 14:28:35,26.5,0.2,36.0,138.0,-
2025-03-22 14:28:35,29.6,0.2,36.0,140.0,-
2025-03-22 14:28:36,29.8,0.2,36.0,142.0,-
2025-03-22 14:28:36,31.1,0.2,36.0,144.0,-
2025-03-22 14:28:36,35.0,0.2,36.0,147.0,-
2025-03-22 14:28:36,36.0,0.2,36.0,151.0,-
2025-03-22 14:28:37,36.0,0.2,36.0,156.0,-
2025-03-22 14:28:37,35.6,0.2,36.0,159.0,-
2025-03-22 14:28:38,35.4,0.2,36.0,161.0,-
2025-03-22 14:28:38,35.6,0.2,36.0,163.0,-
2025-03-22 14:28:38,36.0,0.2,36.0,166.0,-
2025-03-22 14:28:38,36.0,0.2,36.0,168.0,-
2025-03-22 14:28:38,35.5,0.2,36.0,171.0,-
2025-03-22 14:28:39,34.9,0.2,36.0,174.0,-
2025-03-22 14:28:39,35.9,0.2,36.0,177.0,-
2025-03-22 14:28:39,35.1,0.2,36.0,179.0,-
2025-03-22 14:28:40,36.0,0.2,36.0,182.0,-
2025-03-22 14:28:40,36.0,0.2,36.0,184.0,-
2025-03-22 14:28:40,32.0,0.2,36.0,188.0,-
2025-03-22 14:28:40,30.4,0.2,36.0,190.0,-
2025-03-22 14:28:41,0.0,0.2,36.0,193.0,-
2025-03-22 14:28:41,0.0,0.2,36.0,193.0,-
2025-03-22 14:28:42,0.0,0.2,36.0,193.0,-
2025-03-22 14:28:42,0.0,0.2,36.0,193.0,-
2025-03-22 14:28:42,0.0,0.2,36.0,193.0,-
2025-03-22 14:28:43,0.0,0.2,36.0,193.0,-
2025-03-22 14:28:43,0.0,0.2,36.0,193.0,-
2025-03-22 14:28:44,0.0,0.2,36.0,193.0,-
2025-03-22 14:28:44,0.0,0.2,36.0,193.0,-
2025-03-22 14:28:45,0.0,0.2,36.0,193.0,-
2025-03-22 14:28:45,0.0,0.2,36.0,193.0,-
2025-03-22 14:28:46,0.0,0.2,36.0,193.0,-
2025-03-22 14:28:46,0.0,0.2,36.0,193.0,-
2025-03-22 14:28:47,0.0,0.2,36.0,193.0,-
2025-03-22 14:28:47,0.0,0.2,36.0,193.0,-
2025-03-22 14:28:47,0.0,0.2,36.0,193.0,-
2025-03-22 14:28:48,0.0,0.2,36.0,193.0,-
2025-03-22 14:28:48,0.0,0.2,36.0,193.0,-
2025-03-22 14:28:48,0.0,0.2,36.0,193.0,-
2025-03-22 14:28:48,0.0,0.2,36.0,193.0,-
2025-03-22 14:28:49,0.0,0.2,36.0,193.0,-
2025-03-22 14:28:49,0.0,0.2,36.0,193.0,-
2025-03-22 14:28:49,0.0,0.2,36.0,193.0,-
2025-03-22 14:28:50,0.0,0.2,36.0,193.0,-
2025-03-22 14:28:50,0.0,0.2,36.0,193.0,-
2025-03-22 14:28:51,0.0,0.2,36.0,193.0,-
2025-03-22 14:28:51,0.0,0.2,36.0,193.0,-
2025-03-22 14:28:51,0.0,0.2,36.0,193.0,-
2025-03-22 14:28:51,0.0,0.2,36.0,193.0,-
2025-03-22 14:28:52,0.0,0.2,36.0,193.0,-
2025-03-22 14:28:52,0.0,0.2,36.0,193.0,-
2025-03-22 14:28:52,0.0,0.2,36.0,193.0,-
2025-03-22 14:28:53,0.0,0.2,36.0,193.0,-
2025-03-22 14:28:53,0.0,0.2,36.0,193.0,-
2025-03-22 14:28:53,0.0,0.2,36.0,193.0,-
2025-03-22 14:28:54,0.0,0.2,36.0,193.0,-
2025-03-22 14:28:54,0.0,0.2,36.0,193.0,-
2025-03-22 14:28:54,0.0,0.2,36.0,193.0,-
2025-03-22 14:28:55,0.0,0.2,36.0,193.0,-
2025-03-22 14:28:55,0.0,0.2,36.0,193.0,-
2025-03-22 14:28:55,0.0,0.2,36.0,193.0,-
2025-03-22 14:28:56,0.0,0.2,36.0,193.0,-
2025-03-22 14:28:56,0.0,0.2,36.0,193.0,-
2025-03-22 14:28:57,0.0,0.2,36.0,193.0,-
2025-03-22 14:28:57,0.0,0.2,36.0,193.0,-
2025-03-22 14:28:57,0.0,0.2,36.0,193.0,-
2025-03-22 14:28:57,0.0,0.2,36.0,193.0,-
2025-03-22 14:28:58,0.0,0.2,36.0,193.0,-
2025-03-22 14:28:58,0.0,0.2,36.0,193.0,-
2025-03-22 14:28:58,0.0,0.2,36.0,193.0,-
2025-03-22 14:28:59,0.0,0.2,36.0,193.0,-
2025-03-22 14:28:59,0.0,0.2,36.0,193.0,-
2025-03-22 14:28:59,0.0,0.2,36.0,193.0,-
2025-03-22 14:28:59,0.0,0.2,36.0,193.0,-
2025-03-22 14:29:00,0.0,0.2,36.0,193.0,-
2025-03-22 14:29:00,0.0,0.2,36.0,193.0,-
2025-03-22 14:29:01,0.0,0.2,36.0,193.0,-
2025-03-22 14:29:01,0.0,0.2,36.0,193.0,-
2025-03-22 14:29:01,0.0,0.2,36.0,193.0,-
2025-03-22 14:29:02,0.0,0.2,36.0,193.0,-
2025-03-22 14:29:02,0.0,0.2,36.0,193.0,-
2025-03-22 14:29:02,0.0,0.2,36.0,193.0,-
2025-03-22 14:29:03,0.0,0.2,36.0,193.0,-
2025-03-22 14:29:03,0.0,0.2,36.0,193.0,-
2025-03-22 14:29:03,0.0,0.2,36.0,193.0,-
2025-03-22 14:29:04,0.0,0.2,36.0,193.0,-
2025-03-22 14:29:04,0.0,0.2,36.0,193.0,-
2025-03-22 14:29:04,0.0,0.2,36.0,193.0,-
2025-03-22 14:29:05,0.0,0.2,36.0,193.0,-
2025-03-22 14:29:05,0.0,0.2,36.0,193.0,-
2025-03-22 14:29:06,0.0,0.2,36.0,193.0,-
2025-03-22 14:29:06,0.0,0.2,36.0,193.0,-
2025-03-22 14:29:07,0.0,0.2,36.0,193.0,-
2025-03-22 14:29:07,0.0,0.2,36.0,193.0,-
2025-03-22 14:29:07,0.0,0.2,36.0,193.0,-
2025-03-22 14:29:08,0.0,0.2,36.0,193.0,-
2025-03-22 14:29:08,0.0,0.2,36.0,193.0,-
2025-03-22 14:29:08,0.0,0.2,36.0,193.0,-
2025-03-22 14:29:09,0.0,0.2,36.0,193.0,-
2025-03-22 14:29:09,0.0,0.2,36.0,193.0,-
2025-03-22 14:29:09,0.0,0.2,36.0,193.0,-
2025-03-22 14:29:10,0.0,0.2,36.0,193.0,-
2025-03-22 14:29:10,0.0,0.2,36.0,193.0,-
2025-03-22 14:29:10,0.0,0.2,36.0,193.0,-
2025-03-22 14:29:11,0.0,0.2,36.0,193.0,-
2025-03-22 14:29:11,0.0,0.2,36.0,193.0,-
2025-03-22 14:29:11,0.0,0.2,36.0,193.0,-
2025-03-22 14:29:12,0.0,0.2,36.0,193.0,-
2025-03-22 14:29:13,0.0,0.2,36.0,193.0,-
2025-03-22 14:29:13,0.0,0.2,36.0,193.0,-
2025-03-22 14:29:13,0.0,0.2,36.0,193.0,-
2025-03-22 14:29:14,0.0,0.2,36.0,193.0,-
2025-03-22 14:29:14,0.0,0.2,36.0,193.0,-
2025-03-22 14:29:14,0.0,0.2,36.0,193.0,-
2025-03-22 14:29:14,0.0,0.2,36.0,193.0,-
2025-03-22 14:29:15,0.0,0.2,36.0,193.0,-
2025-03-22 14:29:15,0.0,0.2,36.0,193.0,-
2025-03-22 14:29:15,0.0,0.2,36.0,193.0,-
2025-03-22 14:29:15,0.0,0.2,36.0,193.0,-
2025-03-22 14:29:16,0.0,0.2,36.0,193.0,-
2025-03-22 14:29:16,0.0,0.2,36.0,193.0,-
2025-03-22 14:29:17,0.0,0.2,36.0,193.0,-
2025-03-22 14:29:17,0.0,0.2,36.0,193.0,-
2025-03-22 14:29:17,0.0,0.2,36.0,193.0,-
2025-03-22 14:29:17,0.0,0.2,36.0,193.0,-
2025-03-22 14:29:18,0.0,0.2,36.0,193.0,-
2025-03-22 14:29:18,0.0,0.2,36.0,193.0,-
2025-03-22 14:29:18,0.0,0.2,36.0,193.0,-
2025-03-22 14:29:19,0.0,0.2,36.0,193.0,-
2025-03-22 14:29:19,0.0,0.2,36.0,193.0,-
2025-03-22 14:29:19,0.0,0.2,36.0,193.0,-
2025-03-22 14:29:19,0.0,0.2,36.0,193.0,-
2025-03-22 14:29:20,0.0,0.2,36.0,193.0,-
2025-03-22 14:29:20,0.0,0.2,36.0,193.0,-
2025-03-22 14:29:21,0.0,0.2,36.0,193.0,-
2025-03-22 14:29:21,0.0,0.2,36.0,193.0,-
2025-03-22 14:29:21,0.0,0.2,36.0,193.0,-
2025-03-22 14:29:22,0.0,0.2,36.0,193.0,-
2025-03-22 14:29:22,0.0,0.2,36.0,193.0,-
2025-03-22 14:29:22,0.0,0.2,36.0,193.0,-
2025-03-22 14:29:23,0.0,0.2,36.0,193.0,-
2025-03-22 14:29:23,0.0,0.2,36.0,193.0,-
2025-03-22 14:29:24,0.0,0.2,36.0,193.0,-
2025-03-22 14:29:24,0.0,0.2,36.0,193.0,-
2025-03-22 14:29:24,0.0,0.2,36.0,193.0,-
2025-03-22 14:29:25,0.0,0.2,36.0,193.0,-
2025-03-22 14:29:25,0.0,0.2,36.0,193.0,-
2025-03-22 14:29:25,0.0,0.2,36.0,193.0,-
2025-03-22 14:29:26,0.0,0.2,36.0,193.0,-
2025-03-22 14:29:26,0.0,0.2,36.0,193.0,-
2025-03-22 14:29:26,0.0,0.2,36.0,193.0,-
2025-03-22 14:29:27,0.4,0.2,36.0,193.0,-
2025-03-22 14:29:27,0.0,0.2,36.0,193.0,-
2025-03-22 14:29:27,0.2,0.2,36.0,193.0,-
2025-03-22 14:29:28,0.0,0.2,36.0,193.0,-
2025-03-22 14:29:28,0.0,0.2,36.0,193.0,-
2025-03-22 14:29:28,0.0,0.2,36.0,193.0,-
2025-03-22 14:29:29,0.0,0.2,36.0,193.0,-
2025-03-22 14:29:29,1.4,0.2,36.0,193.0,-
2025-03-22 14:29:29,0.0,0.2,36.0,193.0,-
2025-03-22 14:29:29,0.0,0.2,36.0,193.0,-
2025-03-22 14:29:30,0.0,0.2,36.0,193.0,-
2025-03-22 14:29:30,0.0,0.2,36.0,193.0,-
2025-03-22 14:29:31,0.0,0.2,36.0,193.0,-
2025-03-22 14:29:31,0.0,0.2,36.0,193.0,-
2025-03-22 14:29:32,0.0,0.2,36.0,193.0,-
2025-03-22 14:29:32,0.0,0.2,36.0,193.0,-
2025-03-22 14:29:32,0.0,0.2,36.0,193.0,-
2025-03-22 14:29:32,0.0,0.2,36.0,193.0,-
2025-03-22 14:29:33,0.0,0.2,36.0,193.0,-
2025-03-22 14:29:33,0.0,0.2,36.0,193.0,-
2025-03-22 14:29:33,0.0,0.2,36.0,193.0,-
2025-03-22 14:29:33,0.0,0.2,36.0,193.0,-
2025-03-22 14:29:35,0.0,0.2,36.0,193.0,-
2025-03-22 14:29:35,0.0,0.2,36.0,193.0,-
2025-03-22 14:29:36,0.0,0.2,36.0,193.0,-
2025-03-22 14:29:36,0.0,0.2,36.0,193.0,-
2025-03-22 14:29:36,0.3,0.2,36.0,193.0,-
2025-03-22 14:29:36,0.0,0.2,36.0,193.0,-
2025-03-22 14:29:37,0.0,0.2,36.0,193.0,-
2025-03-22 14:29:37,0.0,0.2,36.0,193.0,-
2025-03-22 14:29:37,0.0,0.2,36.0,193.0,-
2025-03-22 14:29:38,0.0,0.2,36.0,193.0,-
2025-03-22 14:29:38,0.0,0.2,36.0,193.0,-
2025-03-22 14:29:38,0.0,0.2,36.0,193.0,-
2025-03-22 14:29:39,0.6,0.2,36.0,193.0,-
2025-03-22 14:29:39,0.0,0.2,36.0,193.0,-
2025-03-22 14:29:40,2.0,0.2,36.0,193.0,-
2025-03-22 14:29:40,2.5,0.2,36.0,193.0,-
2025-03-22 14:29:40,2.7,0.2,36.0,193.0,-
2025-03-22 14:29:41,0.0,0.2,36.0,193.0,-
2025-03-22 14:29:41,0.0,0.2,36.0,193.0,-
2025-03-22 14:29:41,0.0,0.2,36.0,193.0,-
2025-03-22 14:29:42,0.0,0.2,36.0,193.0,-
2025-03-22 14:29:42,0.0,0.2,36.0,193.0,-
2025-03-22 14:29:42,0.0,0.2,36.0,193.0,-
2025-03-22 14:29:43,0.0,0.2,36.0,193.0,-
2025-03-22 14:29:43,0.0,0.2,36.0,193.0,-
2025-03-22 14:29:43,1.0,0.2,36.0,193.0,-
2025-03-22 14:29:44,2.2,0.2,36.0,193.0,-
2025-03-22 14:29:44,4.6,0.2,36.0,193.0,-
2025-03-22 14:29:44,8.6,0.2,36.0,193.0,-
2025-03-22 14:29:45,11.8,0.2,36.0,193.0,-
2025-03-22 14:29:45,13.5,0.2,36.0,193.0,-
2025-03-22 14:29:45,17.5,0.2,36.0,193.0,-
2025-03-22 14:29:46,22.4,0.2,36.0,193.0,-
2025-03-22 14:29:46,24.0,0.2,36.0,193.0,-
2025-03-22 14:29:47,26.6,0.3,36.0,194.0,-
2025-03-22 14:29:47,0.0,0.3,36.0,197.0,-
2025-03-22 14:29:47,0.0,0.3,36.0,197.0,-
2025-03-22 14:29:48,0.1,0.3,36.0,197.0,-
2025-03-22 14:29:48,0.8,0.3,36.0,197.0,-
2025-03-22 14:29:48,1.4,0.3,36.0,197.0,-
2025-03-22 14:29:49,0.9,0.3,36.0,197.0,-
2025-03-22 14:29:49,3.6,0.3,36.0,197.0,-
2025-03-22 14:29:49,5.3,0.3,36.0,197.0,-
2025-03-22 14:29:50,5.9,0.3,36.0,197.0,-
2025-03-22 14:29:50,6.4,0.3,36.0,197.0,-
2025-03-22 14:29:50,10.3,0.3,36.0,197.0,-
2025-03-22 14:29:50,13.6,0.3,36.0,197.0,-
2025-03-22 14:29:51,15.6,0.3,36.0,197.0,-
2025-03-22 14:29:51,16.9,0.3,36.0,197.0,-
2025-03-22 14:29:51,18.7,0.3,36.0,197.0,-
2025-03-22 14:29:51,20.4,0.3,36.0,197.0,-
2025-03-22 14:29:52,21.7,0.3,36.0,197.0,-
2025-03-22 14:29:52,22.8,0.3,36.0,197.0,-
2025-03-22 14:29:52,0.0,0.3,36.0,197.0,-
2025-03-22 14:29:53,0.0,0.3,36.0,197.0,-
2025-03-22 14:29:53,0.0,0.3,36.0,197.0,-
2025-03-22 14:29:54,0.0,0.3,36.0,197.0,-
2025-03-22 14:29:54,0.0,0.3,36.0,197.0,-
2025-03-22 14:29:54,0.0,0.3,36.0,197.0,-
2025-03-22 14:29:55,0.0,0.3,36.0,197.0,-
2025-03-22 14:29:55,0.0,0.3,36.0,197.0,-
2025-03-22 14:29:56,0.0,0.3,36.0,197.0,-
2025-03-22 14:29:56,0.0,0.3,36.0,197.0,-
2025-03-22 14:29:56,0.0,0.3,36.0,197.0,-
2025-03-22 14:29:57,0.0,0.3,36.0,197.0,-
2025-03-22 14:29:57,0.0,0.3,36.0,197.0,-
2025-03-22 14:29:58,0.0,0.3,36.0,197.0,-
2025-03-22 14:29:59,0.0,0.3,36.0,197.0,-
2025-03-22 14:29:59,0.0,0.3,36.0,197.0,-
2025-03-22 14:29:59,0.0,0.3,36.0,197.0,-
2025-03-22 14:30:00,0.0,0.3,36.0,197.0,-
2025-03-22 14:30:01,0.0,0.3,36.0,197.0,-
2025-03-22 14:30:02,0.0,0.3,36.0,197.0,-
2025-03-22 14:30:02,0.0,0.3,36.0,197.0,-
2025-03-22 14:30:02,0.0,0.3,36.0,197.0,-
2025-03-22 14:30:03,0.0,0.3,36.0,197.0,-
2025-03-22 14:30:03,0.0,0.3,36.0,197.0,-
2025-03-22 14:30:04,0.0,0.3,36.0,197.0,-
2025-03-22 14:30:04,0.0,0.3,36.0,197.0,-
2025-03-22 14:30:04,0.0,0.3,36.0,197.0,-
2025-03-22 14:30:05,0.0,0.3,36.0,197.0,-
2025-03-22 14:30:05,0.0,0.3,36.0,197.0,-
2025-03-22 14:30:06,0.0,0.3,36.0,197.0,-
2025-03-22 14:30:06,0.0,0.3,36.0,197.0,-
2025-03-22 14:30:06,0.0,0.3,36.0,197.0,-
2025-03-22 14:30:06,0.0,0.3,36.0,197.0,-
2025-03-22 14:30:07,0.0,0.3,36.0,197.0,-
2025-03-22 14:30:07,0.0,0.3,36.0,197.0,-
2025-03-22 14:30:08,0.0,0.3,36.0,197.0,-
2025-03-22 14:30:08,0.0,0.3,36.0,197.0,-
2025-03-22 14:30:08,0.0,0.3,36.0,197.0,-
2025-03-22 14:30:09,0.0,0.3,36.0,197.0,-
2025-03-22 14:30:09,0.0,0.3,36.0,197.0,-
2025-03-22 14:30:09,0.0,0.3,36.0,197.0,-
2025-03-22 14:30:10,0.0,0.3,36.0,197.0,-
2025-03-22 14:30:10,0.0,0.3,36.0,197.0,-
2025-03-22 14:30:11,0.2,0.3,36.0,197.0,-
2025-03-22 14:30:11,0.0,0.3,36.0,197.0,-
2025-03-22 14:30:12,0.1,0.3,36.0,197.0,-
2025-03-22 14:30:12,0.0,0.3,36.0,197.0,-
2025-03-22 14:30:12,0.0,0.3,36.0,197.0,-
2025-03-22 14:30:12,0.0,0.3,36.0,197.0,-
2025-03-22 14:30:13,0.0,0.3,36.0,197.0,-
2025-03-22 14:30:14,0.0,0.3,36.0,197.0,-
2025-03-22 14:30:15,0.0,0.3,36.0,197.0,-
2025-03-22 14:30:15,0.0,0.3,36.0,197.0,-
2025-03-22 14:30:16,0.0,0.3,36.0,197.0,-
2025-03-22 14:30:16,0.0,0.3,36.0,197.0,-
2025-03-22 14:30:17,0.0,0.3,36.0,197.0,-
2025-03-22 14:30:17,0.0,0.3,36.0,197.0,-
2025-03-22 14:30:17,0.0,0.3,36.0,197.0,-
2025-03-22 14:30:18,0.0,0.3,36.0,197.0,-
2025-03-22 14:30:18,0.0,0.3,36.0,197.0,-
2025-03-22 14:30:18,0.0,0.3,36.0,197.0,-
2025-03-22 14:30:19,0.0,0.3,36.0,197.0,-
2025-03-22 14:30:19,0.0,0.3,36.0,197.0,-
2025-03-22 14:30:19,0.0,0.3,36.0,197.0,-
2025-03-22 14:30:20,0.0,0.3,36.0,197.0,-
2025-03-22 14:30:20,0.0,0.3,36.0,197.0,-
2025-03-22 14:30:20,0.0,0.3,36.0,197.0,-
2025-03-22 14:30:22,0.0,0.3,36.0,197.0,-
2025-03-22 14:30:23,0.0,0.3,36.0,197.0,-
2025-03-22 14:30:24,0.0,0.3,36.0,197.0,-
2025-03-22 14:30:24,0.0,0.3,36.0,197.0,-
2025-03-22 14:30:25,0.0,0.3,36.0,197.0,-
2025-03-22 14:30:25,0.0,0.3,36.0,197.0,-
2025-03-22 14:30:26,0.0,0.3,36.0,197.0,-
2025-03-22 14:30:27,0.0,0.3,36.0,197.0,-
2025-03-22 14:30:27,0.0,0.3,36.0,197.0,-
2025-03-22 14:30:28,0.0,0.3,36.0,197.0,-
2025-03-22 14:30:28,0.0,0.3,36.0,197.0,-
2025-03-22 14:30:28,0.0,0.3,36.0,197.0,-
2025-03-22 14:30:29,0.0,0.3,36.0,197.0,-
2025-03-22 14:30:29,0.0,0.3,36.0,197.0,-
2025-03-22 14:30:30,0.0,0.3,36.0,197.0,-
2025-03-22 14:30:30,0.0,0.3,36.0,197.0,-
2025-03-22 14:30:31,0.0,0.3,36.0,197.0,-
2025-03-22 14:30:32,0.0,0.3,36.0,197.0,-
2025-03-22 14:30:32,0.0,0.3,36.0,197.0,-
2025-03-22 14:30:33,0.0,0.3,36.0,197.0,-
2025-03-22 14:30:33,0.0,0.3,36.0,197.0,-
2025-03-22 14:30:33,0.0,0.3,36.0,197.0,-
2025-03-22 14:30:34,0.0,0.3,36.0,197.0,-
2025-03-22 14:30:34,0.0,0.3,36.0,197.0,-
2025-03-22 14:30:34,0.0,0.3,36.0,197.0,-
2025-03-22 14:30:35,0.0,0.3,36.0,197.0,-
2025-03-22 14:30:35,0.0,0.3,36.0,197.0,-
2025-03-22 14:30:35,0.0,0.3,36.0,197.0,-
2025-03-22 14:30:36,0.0,0.3,36.0,197.0,-
2025-03-22 14:30:36,0.0,0.3,36.0,197.0,-
2025-03-22 14:30:36,0.0,0.3,36.0,197.0,-
2025-03-22 14:30:36,0.0,0.3,36.0,197.0,-
2025-03-22 14:30:37,0.0,0.3,36.0,197.0,-
2025-03-22 14:30:37,0.0,0.3,36.0,197.0,-
2025-03-22 14:30:37,0.0,0.3,36.0,197.0,-
2025-03-22 14:30:38,0.0,0.3,36.0,197.0,-
2025-03-22 14:30:39,0.0,0.3,36.0,197.0,-
2025-03-22 14:30:39,0.0,0.3,36.0,197.0,-
2025-03-22 14:30:39,0.0,0.3,36.0,197.0,-
2025-03-22 14:30:39,0.0,0.3,36.0,197.0,-
2025-03-22 14:30:40,0.0,0.3,36.0,197.0,-
2025-03-22 14:30:40,0.0,0.3,36.0,197.0,-
2025-03-22 14:30:40,0.0,0.3,36.0,197.0,-
2025-03-22 14:30:40,0.0,0.3,36.0,197.0,-
2025-03-22 14:30:41,0.0,0.3,36.0,197.0,-
2025-03-22 14:30:41,0.0,0.3,36.0,197.0,-
2025-03-22 14:30:42,0.0,0.3,36.0,197.0,-
2025-03-22 14:30:42,0.0,0.3,36.0,197.0,-
2025-03-22 14:30:42,0.0,0.3,36.0,197.0,-
2025-03-22 14:30:43,0.0,0.3,36.0,197.0,-
2025-03-22 14:30:43,0.0,0.3,36.0,197.0,-
2025-03-22 14:30:43,0.0,0.3,36.0,197.0,-
2025-03-22 14:30:44,0.0,0.3,36.0,197.0,-
2025-03-22 14:30:44,0.0,0.3,36.0,197.0,-
2025-03-22 14:30:44,0.0,0.3,36.0,197.0,-
2025-03-22 14:30:44,0.0,0.3,36.0,197.0,-
2025-03-22 14:30:45,0.0,0.3,36.0,197.0,-
2025-03-22 14:30:45,0.0,0.3,36.0,197.0,-
2025-03-22 14:30:45,0.0,0.3,36.0,197.0,-
2025-03-22 14:30:46,0.0,0.3,36.0,197.0,-
2025-03-22 14:30:46,0.0,0.3,36.0,197.0,-
2025-03-22 14:30:46,0.0,0.3,36.0,197.0,-
2025-03-22 14:30:47,0.0,0.3,36.0,197.0,-
2025-03-22 14:30:47,0.0,0.3,36.0,197.0,-
2025-03-22 14:30:47,0.0,0.3,36.0,197.0,-
2025-03-22 14:30:47,0.0,0.3,36.0,197.0,-
2025-03-22 14:30:48,0.0,0.3,36.0,197.0,-
2025-03-22 14:30:48,0.0,0.3,36.0,197.0,-
2025-03-22 14:30:48,0.0,0.3,36.0,197.0,-
2025-03-22 14:30:48,0.0,0.3,36.0,197.0,-
2025-03-22 14:30:49,0.0,0.3,36.0,197.0,-
2025-03-22 14:30:50,0.0,0.3,36.0,197.0,-
2025-03-22 14:30:50,0.0,0.3,36.0,197.0,-
2025-03-22 14:30:50,0.0,0.3,36.0,197.0,-
2025-03-22 14:30:51,0.0,0.3,36.0,197.0,-
2025-03-22 14:30:51,0.0,0.3,36.0,197.0,-
2025-03-22 14:30:51,0.0,0.3,36.0,197.0,-
2025-03-22 14:30:52,0.0,0.3,36.0,197.0,-
2025-03-22 14:30:52,0.0,0.3,36.0,197.0,-
2025-03-22 14:30:52,0.0,0.3,36.0,197.0,-
2025-03-22 14:30:53,0.0,0.3,36.0,197.0,-
2025-03-22 14:30:53,0.0,0.3,36.0,197.0,-
2025-03-22 14:30:53,0.0,0.3,36.0,197.0,-
2025-03-22 14:30:54,0.0,0.3,36.0,197.0,-
2025-03-22 14:30:54,0.0,0.3,36.0,197.0,-
2025-03-22 14:30:54,0.3,0.3,36.0,197.0,-
2025-03-22 14:30:54,1.9,0.3,36.0,197.0,-
2025-03-22 14:30:55,0.0,0.3,36.0,197.0,-
2025-03-22 14:30:55,0.0,0.3,36.0,197.0,-
2025-03-22 14:30:55,0.0,0.3,36.0,197.0,-
2025-03-22 14:30:55,0.5,0.3,36.0,197.0,-
2025-03-22 14:30:56,7.0,0.3,36.0,197.0,-
2025-03-22 14:30:56,8.7,0.3,36.0,197.0,-
2025-03-22 14:30:56,9.7,0.3,36.0,197.0,-
2025-03-22 14:30:56,10.6,0.3,36.0,197.0,-
2025-03-22 14:30:57,11.6,0.3,36.0,197.0,-
2025-03-22 14:30:57,12.7,0.3,36.0,197.0,-
2025-03-22 14:30:57,14.0,0.3,36.0,197.0,-
2025-03-22 14:30:58,0.0,0.3,36.0,197.0,-
2025-03-22 14:30:58,0.5,0.3,36.0,197.0,-
2025-03-22 14:30:58,0.0,0.3,36.0,197.0,-
2025-03-22 14:30:58,0.0,0.3,36.0,197.0,-
2025-03-22 14:30:59,0.0,0.3,36.0,197.0,-
2025-03-22 14:30:59,0.0,0.3,36.0,197.0,-
2025-03-22 14:30:59,0.0,0.3,36.0,197.0,-
2025-03-22 14:31:00,0.0,0.3,36.0,197.0,-
2025-03-22 14:31:00,0.0,0.3,36.0,197.0,-
2025-03-22 14:31:01,0.4,0.3,36.0,197.0,-
2025-03-22 14:31:01,1.4,0.3,36.0,197.0,-
2025-03-22 14:31:02,3.4,0.3,36.0,197.0,-
2025-03-22 14:31:02,4.4,0.3,36.0,197.0,-
2025-03-22 14:31:03,5.5,0.3,36.0,197.0,-
2025-03-22 14:31:03,6.3,0.3,36.0,197.0,-
2025-03-22 14:31:03,0.0,0.3,36.0,197.0,-
2025-03-22 14:31:03,0.0,0.3,36.0,197.0,-
2025-03-22 14:31:04,0.0,0.3,36.0,197.0,-
2025-03-22 14:31:04,0.0,0.3,36.0,197.0,-
2025-03-22 14:31:05,0.0,0.3,36.0,197.0,-
2025-03-22 14:31:06,0.0,0.3,36.0,197.0,-
2025-03-22 14:31:06,0.0,0.3,36.0,197.0,-
2025-03-22 14:31:06,0.0,0.3,36.0,197.0,-
2025-03-22 14:31:07,0.0,0.3,36.0,197.0,-
2025-03-22 14:31:07,0.0,0.3,36.0,197.0,-
2025-03-22 14:31:07,0.0,0.3,36.0,197.0,-
2025-03-22 14:31:08,0.0,0.3,36.0,197.0,-
2025-03-22 14:31:08,0.0,0.3,36.0,197.0,-
2025-03-22 14:31:08,0.0,0.3,36.0,197.0,-
2025-03-22 14:31:09,0.0,0.3,36.0,197.0,-
2025-03-22 14:31:09,0.0,0.3,36.0,197.0,-
2025-03-22 14:31:10,0.0,0.3,36.0,197.0,-
2025-03-22 14:31:10,0.0,0.3,36.0,197.0,-
2025-03-22 14:31:10,0.0,0.3,36.0,197.0,-
2025-03-22 14:31:11,0.0,0.3,36.0,197.0,-
2025-03-22 14:31:11,0.0,0.3,36.0,197.0,-
2025-03-22 14:31:12,0.0,0.3,36.0,197.0,-
2025-03-22 14:31:12,0.0,0.3,36.0,197.0,-
2025-03-22 14:31:12,0.0,0.3,36.0,197.0,-
2025-03-22 14:31:13,0.0,0.3,36.0,197.0,-
2025-03-22 14:31:13,0.0,0.3,36.0,197.0,-
2025-03-22 14:31:14,0.0,0.3,36.0,197.0,-
2025-03-22 14:31:14,0.0,0.3,36.0,197.0,-
2025-03-22 14:31:14,0.0,0.3,36.0,197.0,-
2025-03-22 14:31:14,0.0,0.3,36.0,197.0,-
2025-03-22 14:31:15,0.0,0.3,36.0,197.0,-
2025-03-22 14:31:15,0.0,0.3,36.0,197.0,-
2025-03-22 14:31:15,0.0,0.3,36.0,197.0,-
2025-03-22 14:31:16,0.0,0.3,36.0,197.0,-
2025-03-22 14:31:16,0.0,0.3,36.0,197.0,-
2025-03-22 14:31:16,0.0,0.3,36.0,197.0,-
2025-03-22 14:31:17,0.0,0.3,36.0,197.0,-
2025-03-22 14:31:17,0.0,0.3,36.0,197.0,-
2025-03-22 14:31:17,0.0,0.3,36.0,197.0,-
2025-03-22 14:31:17,0.0,0.3,36.0,197.0,-
2025-03-22 14:31:18,0.0,0.3,36.0,197.0,-
2025-03-22 14:31:18,0.0,0.3,36.0,197.0,-
2025-03-22 14:31:18,0.0,0.3,36.0,197.0,-
2025-03-22 14:31:18,0.0,0.3,36.0,197.0,-
2025-03-22 14:31:19,0.0,0.3,36.0,197.0,-
2025-03-22 14:31:19,0.0,0.3,36.0,197.0,-
2025-03-22 14:31:19,0.0,0.3,36.0,197.0,-
2025-03-22 14:31:20,0.1,0.3,36.0,197.0,-
2025-03-22 14:31:20,0.0,0.3,36.0,197.0,-
2025-03-22 14:31:20,0.0,0.3,36.0,197.0,-
2025-03-22 14:31:21,0.0,0.3,36.0,197.0,-
2025-03-22 14:31:21,0.0,0.3,36.0,197.0,-
2025-03-22 14:31:21,0.0,0.3,36.0,197.0,-
2025-03-22 14:31:21,0.0,0.3,36.0,197.0,-
2025-03-22 14:31:22,0.0,0.3,36.0,197.0,-
2025-03-22 14:31:22,0.0,0.3,36.0,197.0,-
2025-03-22 14:31:22,0.0,0.3,36.0,197.0,-
2025-03-22 14:31:22,0.0,0.3,36.0,197.0,-
2025-03-22 14:31:23,0.0,0.3,36.0,197.0,-
2025-03-22 14:31:23,0.0,0.3,36.0,197.0,-
2025-03-22 14:31:23,0.0,0.3,36.0,197.0,-
2025-03-22 14:31:23,0.0,0.3,36.0,197.0,-
2025-03-22 14:31:24,0.0,0.3,36.0,197.0,-
2025-03-22 14:31:24,0.0,0.3,36.0,197.0,-
2025-03-22 14:31:24,0.0,0.3,36.0,197.0,-
2025-03-22 14:31:25,0.0,0.3,36.0,197.0,-
2025-03-22 14:31:25,0.0,0.3,36.0,197.0,-
2025-03-22 14:31:25,0.0,0.3,36.0,197.0,-
2025-03-22 14:31:26,0.0,0.3,36.0,197.0,-
2025-03-22 14:31:26,0.0,0.3,36.0,197.0,-
2025-03-22 14:31:27,0.0,0.3,36.0,197.0,-
2025-03-22 14:31:27,0.0,0.3,36.0,197.0,-
2025-03-22 14:31:27,0.0,0.3,36.0,197.0,-
2025-03-22 14:31:28,0.0,0.3,36.0,197.0,-
2025-03-22 14:31:28,0.0,0.3,36.0,197.0,-
2025-03-22 14:31:28,0.0,0.3,36.0,197.0,-
2025-03-22 14:31:28,0.0,0.3,36.0,197.0,-
2025-03-22 14:31:29,0.0,0.3,36.0,197.0,-
2025-03-22 14:31:29,0.0,0.3,36.0,197.0,-
2025-03-22 14:31:29,0.0,0.3,36.0,197.0,-
2025-03-22 14:31:30,0.0,0.3,36.0,197.0,-
2025-03-22 14:31:30,0.0,0.3,36.0,197.0,-
2025-03-22 14:31:30,0.0,0.3,36.0,197.0,-
2025-03-22 14:31:31,0.0,0.3,36.0,197.0,-
2025-03-22 14:31:31,0.0,0.3,36.0,197.0,-
2025-03-22 14:31:31,0.0,0.3,36.0,197.0,-
2025-03-22 14:31:32,0.0,0.3,36.0,197.0,-
2025-03-22 14:31:32,0.0,0.3,36.0,197.0,-
2025-03-22 14:31:32,0.0,0.3,36.0,197.0,-
2025-03-22 14:31:32,0.0,0.3,36.0,197.0,-
2025-03-22 14:31:33,0.0,0.3,36.0,197.0,-
2025-03-22 14:31:33,0.0,0.3,36.0,197.0,-
2025-03-22 14:31:33,0.0,0.3,36.0,197.0,-
2025-03-22 14:31:34,0.0,0.3,36.0,197.0,-
2025-03-22 14:31:35,0.0,0.3,36.0,197.0,-
2025-03-22 14:31:35,0.0,0.3,36.0,197.0,-
2025-03-22 14:31:35,0.0,0.3,36.0,197.0,-
2025-03-22 14:31:36,0.0,0.3,36.0,197.0,-
2025-03-22 14:31:36,0.0,0.3,36.0,197.0,-
2025-03-22 14:31:36,0.0,0.3,36.0,197.0,-
2025-03-22 14:31:37,0.0,0.3,36.0,197.0,-
2025-03-22 14:31:37,0.0,0.3,36.0,197.0,-
2025-03-22 14:31:37,0.0,0.3,36.0,197.0,-
2025-03-22 14:31:37,0.0,0.3,36.0,197.0,-
2025-03-22 14:31:38,0.0,0.3,36.0,197.0,-
2025-03-22 14:31:38,0.0,0.3,36.0,197.0,-
2025-03-22 14:31:38,0.0,0.3,36.0,197.0,-
2025-03-22 14:31:39,0.0,0.3,36.0,197.0,-
2025-03-22 14:31:39,0.0,0.3,36.0,197.0,-
2025-03-22 14:31:40,0.0,0.3,36.0,197.0,-
2025-03-22 14:31:40,0.0,0.3,36.0,197.0,-
2025-03-22 14:31:40,0.0,0.3,36.0,197.0,-
2025-03-22 14:31:40,0.0,0.3,36.0,197.0,-
2025-03-22 14:31:41,0.0,0.3,36.0,197.0,-
2025-03-22 14:31:41,0.0,0.3,36.0,197.0,-
2025-03-22 14:31:42,0.0,0.3,36.0,197.0,-
2025-03-22 14:31:42,0.0,0.3,36.0,197.0,-
2025-03-22 14:31:42,0.0,0.3,36.0,197.0,-
2025-03-22 14:31:42,0.0,0.3,36.0,197.0,-
2025-03-22 14:31:43,0.0,0.3,36.0,197.0,-
2025-03-22 14:31:43,0.0,0.3,36.0,197.0,-
2025-03-22 14:31:44,0.0,0.3,36.0,197.0,-
2025-03-22 14:31:44,0.0,0.3,36.0,197.0,-
2025-03-22 14:31:44,0.0,0.3,36.0,197.0,-
2025-03-22 14:31:44,0.0,0.3,36.0,197.0,-
2025-03-22 14:31:45,0.0,0.3,36.0,197.0,-
2025-03-22 14:31:45,0.0,0.3,36.0,197.0,-
2025-03-22 14:31:46,0.0,0.3,36.0,197.0,-
2025-03-22 14:31:46,0.0,0.3,36.0,197.0,-
2025-03-22 14:31:47,0.0,0.3,36.0,197.0,-
2025-03-22 14:31:47,0.0,0.3,36.0,197.0,-
2025-03-22 14:31:47,0.0,0.3,36.0,197.0,-
2025-03-22 14:31:47,0.0,0.3,36.0,197.0,-
2025-03-22 14:31:48,0.0,0.3,36.0,197.0,-
2025-03-22 14:31:48,0.0,0.3,36.0,197.0,-
2025-03-22 14:31:48,0.0,0.3,36.0,197.0,-
2025-03-22 14:31:49,0.0,0.3,36.0,197.0,-
2025-03-22 14:31:49,0.0,0.3,36.0,197.0,-
2025-03-22 14:31:50,0.0,0.3,36.0,197.0,-
2025-03-22 14:31:50,0.0,0.3,36.0,197.0,-
2025-03-22 14:31:50,0.0,0.3,36.0,197.0,-
2025-03-22 14:31:50,0.0,0.3,36.0,197.0,-
2025-03-22 14:31:51,0.0,0.3,36.0,197.0,-
2025-03-22 14:31:51,0.0,0.3,36.0,197.0,-
2025-03-22 14:31:51,0.0,0.3,36.0,197.0,-
2025-03-22 14:31:52,0.0,0.3,36.0,197.0,-
2025-03-22 14:31:52,0.0,0.3,36.0,197.0,-
2025-03-22 14:31:52,0.0,0.3,36.0,197.0,-
2025-03-22 14:31:53,0.0,0.3,36.0,197.0,-
2025-03-22 14:31:53,0.0,0.3,36.0,197.0,-
2025-03-22 14:31:53,0.0,0.3,36.0,197.0,-
2025-03-22 14:31:54,0.0,0.3,36.0,197.0,-
2025-03-22 14:31:54,0.0,0.3,36.0,197.0,-
2025-03-22 14:31:54,0.0,0.3,36.0,197.0,-
2025-03-22 14:31:55,0.0,0.3,36.0,197.0,-
2025-03-22 14:31:55,0.0,0.3,36.0,197.0,-
2025-03-22 14:31:55,0.0,0.3,36.0,197.0,-
2025-03-22 14:31:55,0.0,0.3,36.0,197.0,-
2025-03-22 14:31:56,0.0,0.3,,197.0,-
